Ngay,GiaDieuChinh,GiaDongCua,ThayDoi,KhoiLuongKhopLenh,GiaTriKhopLenh,KLThoaThuan,GtThoaThuan,GiaMoCua,GiaCaoNhat,GiaThapNhat
2020-01-02,19.05,36.95,0.65(1.79 %),941730,34637000000,0,0,36.3,37.3,36.1
2020-01-03,18.81,36.5,-0.45(-1.22 %),705830,26018000000,0,0,36.95,37.05,36.5
2020-01-06,18.79,36.45,-0.05(-0.14 %),494170,18044000000,0,0,36.3,37.0,36.1
2020-01-07,18.89,36.65,0.2(0.55 %),434670,15902000000,61130,2384070000,36.5,36.85,36.4
2020-01-08,18.4,35.7,-0.95(-2.59 %),1276850,45923000000,0,0,36.4,36.6,35.6
2020-01-09,18.4,35.7,0(0.00 %),703580,25270000000,0,0,36.0,36.2,35.7
2020-01-10,18.4,35.7,0(0.00 %),444310,15904000000,0,0,35.7,36.05,35.65
2020-01-13,18.43,35.75,0.05(0.14 %),297520,10645000000,0,0,35.7,36.0,35.65
2020-01-14,18.45,35.8,0.05(0.14 %),304650,10929000000,0,0,35.75,36.0,35.75
2020-01-15,18.32,35.55,-0.25(-0.70 %),504130,17980000000,0,0,35.8,35.95,35.45
2020-01-16,18.76,36.4,0.85(2.39 %),962640,34835000000,0,0,35.75,36.5,35.65
2020-01-17,18.81,36.5,0.1(0.27 %),737100,27040000000,0,0,36.25,36.95,36.25
2020-01-20,18.94,36.75,0.25(0.68 %),680270,24963000000,0,0,36.35,36.95,36.35
2020-01-21,19.23,37.3,0.55(1.50 %),941950,35083000000,0,0,37.0,37.5,36.9
2020-01-22,19.07,37.0,-0.3(-0.80 %),973340,35927000000,0,0,37.5,37.5,36.6
2020-01-30,18.45,35.8,-1.2(-3.24 %),966270,34897000000,0,0,36.3,36.7,35.8
2020-01-31,17.47,33.9,-1.9(-5.31 %),1571820,54929000000,0,0,35.5,35.75,33.9
2020-02-03,17.27,33.5,-0.4(-1.18 %),1696970,55220000000,0,0,33.5,33.85,31.85
2020-02-04,17.22,33.4,-0.1(-0.30 %),797830,26820000000,0,0,33.7,34.2,33.3
2020-02-05,17.16,33.3,-0.1(-0.30 %),784800,26361000000,0,0,33.6,34.1,33.3
2020-02-06,17.53,34.0,0.7(2.10 %),936170,31723000000,0,0,33.65,34.6,33.4
2020-02-07,17.47,33.9,-0.1(-0.29 %),615350,20856000000,0,0,34.0,34.1,33.75
2020-02-10,17.29,33.55,-0.35(-1.03 %),530950,17835000000,0,0,33.5,33.9,33.5
2020-02-11,17.65,34.25,0.7(2.09 %),751090,25658000000,0,0,33.8,34.4,33.8
2020-02-12,17.91,34.75,0.5(1.46 %),784950,27279000000,0,0,34.5,35.0,34.5
2020-02-13,17.94,34.8,0.05(0.14 %),653670,22577000000,0,0,34.5,34.8,34.4
2020-02-14,18.12,35.15,0.35(1.01 %),419140,14630000000,0,0,34.75,35.15,34.7
2020-02-17,18.04,35.0,-0.15(-0.43 %),801580,28254000000,20000,740000000,35.2,35.65,34.8
2020-02-18,18.09,35.1,0.1(0.29 %),555770,19467000000,0,0,35.0,35.4,34.9
2020-02-19,18.12,35.15,0.05(0.14 %),321530,11283000000,0,0,35.2,35.2,35.0
2020-02-20,18.38,35.65,0.5(1.42 %),821320,29043000000,0,0,35.5,35.7,35.1
2020-02-21,18.04,35.0,-0.65(-1.82 %),517740,18336000000,0,0,35.3,35.7,35.0
2020-02-24,17.34,33.65,-1.35(-3.86 %),1031360,35065000000,0,0,34.25,34.6,33.65
2020-02-25,17.65,34.25,0.6(1.78 %),641090,21692000000,0,0,33.1,34.4,33.1
2020-02-26,17.58,34.1,-0.15(-0.44 %),583350,19917000000,0,0,33.7,34.35,33.7
2020-02-27,17.83,34.6,0.5(1.47 %),619200,21199000000,0,0,33.9,34.6,33.8
2020-02-28,17.58,34.1,-0.5(-1.45 %),648880,22085000000,0,0,33.9,34.3,33.85
2020-03-02,17.55,32.45,-1.65(-4.84 %),633770,20768000000,75000,2268750000,33.0,33.0,32.45
2020-03-03,17.52,32.4,-0.05(-0.15 %),523910,17064000000,0,0,32.8,32.85,32.4
2020-03-04,17.52,32.4,0(0.00 %),382980,12407000000,0,0,32.45,32.75,32.15
2020-03-05,17.41,32.2,-0.2(-0.62 %),436970,14193000000,0,0,32.85,32.85,32.2
2020-03-06,17.31,32.0,-0.2(-0.62 %),536990,17147000000,0,0,32.1,32.4,31.65
2020-03-09,16.17,29.9,-2.1(-6.56 %),2151310,65270000000,0,0,30.5,31.3,29.8
2020-03-10,16.39,30.3,0.4(1.34 %),601060,17984000000,0,0,29.55,30.45,29.0
2020-03-11,16.14,29.85,-0.45(-1.49 %),1195030,35634000000,193380,6265512000,30.3,30.75,29.3
2020-03-12,15.14,28.0,-1.85(-6.20 %),1147630,32459000000,37310,1190189000,28.6,29.0,27.85
2020-03-13,15.25,28.2,0.2(0.71 %),1340020,36561000000,0,0,26.25,28.7,26.25
2020-03-16,15.17,28.05,-0.15(-0.53 %),892480,25073000000,0,0,27.7,28.5,27.7
2020-03-17,16.17,29.9,1.85(6.60 %),1234080,35324000000,0,0,29.9,30.0,27.7
2020-03-18,16.39,30.3,0.4(1.34 %),567680,17361000000,0,0,31.0,31.0,30.0
2020-03-19,16.12,29.8,-0.5(-1.65 %),568630,16942000000,20000,630000000,30.0,30.15,29.5
2020-03-20,16.12,29.8,0(0.00 %),409020,12172000000,0,0,29.8,30.0,29.55
2020-03-23,15.01,27.75,-2.05(-6.88 %),1248330,34920000000,14876770,412830367500,29.0,29.05,27.75
2020-03-24,15.25,28.2,0.45(1.62 %),463230,13087000000,20000,540000000,28.4,28.6,27.7
2020-03-25,15.79,29.2,1(3.55 %),358100,10372000000,0,0,28.8,29.5,28.45
2020-03-26,15.33,28.35,-0.85(-2.91 %),336770,9636000000,0,0,28.6,29.1,28.35
2020-03-27,15.14,28.0,-0.35(-1.23 %),392970,11057000000,0,0,28.3,28.35,27.95
2020-03-30,14.82,27.4,-0.6(-2.14 %),597290,16292000000,0,0,27.2,27.95,26.5
2020-03-31,14.76,27.3,-0.1(-0.36 %),509950,14020000000,0,0,27.4,28.2,26.1
2020-04-01,15.3,28.3,1(3.66 %),365330,10299000000,513260,14987192000,27.8,28.45,27.5
2020-04-03,15.6,28.85,0.55(1.94 %),397310,11435000000,0,0,28.65,29.1,28.55
2020-04-06,16.33,30.2,1.35(4.68 %),572640,17061000000,0,0,29.3,30.25,29.1
2020-04-07,16.22,30.0,-0.2(-0.66 %),467970,13971000000,0,0,30.45,30.45,29.1
2020-04-08,16.12,29.8,-0.2(-0.67 %),326710,9673000000,0,0,29.15,29.95,29.1
2020-04-09,16.14,29.85,0.05(0.17 %),651200,19591000000,0,0,29.85,30.4,29.75
2020-04-10,16.41,30.35,0.5(1.68 %),1022970,31166000000,0,0,29.85,31.1,29.8
2020-04-13,16.44,30.4,0.05(0.16 %),586150,17881000000,0,0,30.35,30.9,29.9
2020-04-14,16.47,30.45,0.05(0.16 %),589070,17870000000,0,0,30.4,30.6,29.9
2020-04-15,16.77,31.0,0.55(1.81 %),1219270,37600000000,0,0,30.5,31.35,30.45
2020-04-16,16.66,30.8,-0.2(-0.65 %),406410,12517000000,0,0,30.75,31.0,30.65
2020-04-17,16.77,31.0,0.2(0.65 %),617040,19190000000,0,0,30.8,31.4,30.8
2020-04-20,16.68,30.85,-0.15(-0.48 %),384660,11909000000,0,0,31.0,31.3,30.65
2020-04-21,15.85,29.3,-1.55(-5.02 %),1202790,35985000000,91000,3003000000,30.6,30.8,29.3
2020-04-22,15.93,29.45,0.15(0.51 %),752290,22178000000,129000,4044150000,29.0,29.95,28.9
2020-04-23,15.95,29.5,0.05(0.17 %),811490,24157000000,0,0,30.0,30.0,29.5
2020-04-24,16.55,30.6,1.1(3.73 %),914120,27625000000,91000,2502500000,29.4,30.65,29.4
2020-04-27,16.49,30.5,-0.1(-0.33 %),446050,13724000000,129000,3676500000,30.85,31.1,30.3
2020-04-28,16.41,30.35,-0.15(-0.49 %),357440,10777000000,0,0,30.5,30.5,29.95
2020-04-29,16.22,30.0,-0.35(-1.15 %),547650,16544000000,0,0,30.0,30.45,30.0
2020-05-04,16.01,29.6,-0.4(-1.33 %),643730,19185000000,0,0,29.55,30.0,29.55
2020-05-05,16.22,30.0,0.4(1.35 %),226730,6765000000,20000,633000000,29.6,30.0,29.6
2020-05-06,16.44,30.4,0.4(1.33 %),190640,5771000000,0,0,30.0,30.4,30.0
2020-05-07,16.55,30.6,0.2(0.66 %),370940,11322000000,90000,2925000000,30.5,30.7,30.3
2020-05-08,16.55,30.6,0(0.00 %),853130,26341000000,0,0,30.85,31.4,30.45
2020-05-11,16.6,30.7,0.1(0.33 %),349490,10715000000,0,0,30.7,30.95,30.5
2020-05-12,16.93,31.3,0.6(1.95 %),924900,28654000000,0,0,30.7,31.45,30.45
2020-05-13,17.31,32.0,0.7(2.24 %),1001410,31604000000,0,0,31.3,32.0,30.9
2020-05-14,17.28,31.95,-0.05(-0.16 %),460710,14687000000,0,0,31.6,32.1,31.6
2020-05-15,16.98,31.4,-0.55(-1.72 %),678800,21246000000,0,0,31.95,31.95,30.9
2020-05-18,16.95,31.35,-0.05(-0.16 %),495250,15394000000,0,0,31.05,31.35,30.85
2020-05-19,17.01,31.45,0.1(0.32 %),1133970,35685000000,0,0,31.5,31.75,31.3
2020-05-20,16.98,31.4,-0.05(-0.16 %),380660,11939000000,0,0,31.45,31.5,31.25
2020-05-21,17.2,31.8,0.4(1.27 %),515860,16221000000,0,0,31.4,31.8,31.2
2020-05-22,16.87,31.2,-0.6(-1.89 %),408660,12800000000,0,0,31.6,31.6,31.2
2020-05-25,16.87,31.2,0(0.00 %),415190,12934000000,0,0,31.2,31.3,30.95
2020-05-26,17.58,32.5,1.3(4.17 %),1489950,47563000000,0,0,31.2,32.5,31.2
2020-05-27,17.06,31.55,-0.95(-2.92 %),959990,30896000000,0,0,32.5,32.6,31.55
2020-05-28,17.01,31.45,-0.1(-0.32 %),486440,15358000000,0,0,31.8,31.85,31.4
2020-05-29,16.9,31.25,-0.2(-0.64 %),477830,14979000000,0,0,31.45,31.45,31.15
2020-06-01,17.14,31.7,0.45(1.44 %),454600,14335000000,0,0,31.3,31.8,31.3
2020-06-02,17.12,31.65,-0.05(-0.16 %),432350,13720000000,0,0,31.8,32.0,31.55
2020-06-03,17.14,31.7,0.05(0.16 %),517360,16391000000,0,0,31.65,31.8,31.6
2020-06-04,17.31,32.0,0.3(0.95 %),1061670,33895000000,0,0,31.7,32.1,31.7
2020-06-05,17.31,32.0,0(0.00 %),578070,18464000000,0,0,32.0,32.0,31.85
2020-06-08,17.39,32.15,0.15(0.47 %),1386640,44905000000,0,0,32.2,32.6,32.0
2020-06-09,17.28,31.95,-0.2(-0.62 %),585770,18833000000,0,0,32.5,32.5,31.9
2020-06-10,17.28,31.95,0(0.00 %),480400,15282000000,0,0,31.95,31.95,31.65
2020-06-11,16.49,30.5,-1.45(-4.54 %),1435460,44919000000,0,0,31.95,32.0,30.5
2020-06-12,16.66,30.8,0.3(0.98 %),836600,25359000000,0,0,29.5,30.9,29.5
2020-06-15,16.36,30.25,-0.55(-1.79 %),482990,14740000000,0,0,30.8,30.85,30.25
2020-06-16,16.6,30.7,0.45(1.49 %),340070,10398000000,0,0,30.5,30.7,30.4
2020-06-17,16.58,30.65,-0.05(-0.16 %),181910,5578000000,0,0,30.9,30.9,30.5
2020-06-18,16.71,30.9,0.25(0.82 %),147730,4540000000,0,0,30.4,30.9,30.4
2020-06-19,16.98,31.4,0.5(1.62 %),224740,6995000000,0,0,30.9,31.45,30.8
2020-06-22,16.9,31.25,-0.15(-0.48 %),205170,6404000000,0,0,31.2,31.4,31.1
2020-06-23,16.95,31.35,0.1(0.32 %),266000,8347000000,193200,5834640000,31.4,31.5,31.25
2020-06-24,16.95,31.35,0(0.00 %),261380,8193000000,0,0,31.3,31.55,31.1
2020-06-25,16.82,31.1,-0.25(-0.80 %),186020,5757000000,0,0,31.0,31.1,30.8
2020-06-26,16.87,31.2,0.1(0.32 %),100190,3110000000,0,0,31.1,31.45,30.8
2020-06-29,16.6,30.7,-0.5(-1.60 %),353270,10874000000,0,0,30.7,31.0,30.6
2020-06-30,16.58,30.65,-0.05(-0.16 %),339550,10444000000,0,0,30.7,30.9,30.65
2020-07-01,16.68,30.85,0.2(0.65 %),96080,2959000000,0,0,30.65,30.95,30.65
2020-07-02,16.74,30.95,0.1(0.32 %),123890,3831000000,0,0,30.9,31.1,30.8
2020-07-03,17.17,31.75,0.8(2.58 %),262890,8242000000,0,0,31.15,31.75,30.95
2020-07-06,17.28,31.95,0.2(0.63 %),421670,13512000000,0,0,31.95,32.3,31.9
2020-07-07,17.22,31.85,-0.1(-0.31 %),191630,6123000000,0,0,32.0,32.1,31.85
2020-07-08,17.31,32.0,0.15(0.47 %),266360,8489000000,0,0,31.8,32.0,31.7
2020-07-09,17.36,32.1,0.1(0.31 %),282380,9046000000,0,0,32.0,32.15,31.9
2020-07-10,17.31,32.0,-0.1(-0.31 %),258740,8267000000,0,0,32.05,32.1,31.65
2020-07-13,17.79,32.9,0.9(2.81 %),1119760,36753000000,0,0,32.0,33.15,31.8
2020-07-14,17.79,32.9,0(0.00 %),392740,12925000000,0,0,32.9,33.0,32.8
2020-07-15,17.87,33.05,0.15(0.46 %),438040,14478000000,0,0,33.0,33.3,32.9
2020-07-16,17.9,33.1,0.05(0.15 %),351370,11601000000,0,0,33.0,33.1,32.85
2020-07-17,17.66,32.65,-0.45(-1.36 %),337700,11069000000,470000,16017000000,33.1,33.1,32.6
2020-07-20,17.52,32.4,-0.25(-0.77 %),341680,11086000000,0,0,32.4,32.75,32.25
2020-07-21,17.66,32.65,0.25(0.77 %),106380,3469000000,0,0,32.45,32.9,32.4
2020-07-22,17.5,32.35,-0.3(-0.92 %),132320,4311000000,0,0,32.65,32.8,32.35
2020-07-23,18.17,33.6,1.25(3.86 %),494640,16366000000,0,0,32.45,33.6,32.2
2020-07-24,17.58,32.5,-1.1(-3.27 %),770310,25260000000,0,0,33.5,33.55,31.8
2020-07-27,17.14,31.7,-0.8(-2.46 %),1109220,35446000000,1400000,43400000000,31.5,32.45,31.5
2020-07-28,17.47,32.3,0.6(1.89 %),560060,18066000000,1562216,46866480000,31.9,32.7,31.65
2020-07-29,17.31,32.0,-0.3(-0.93 %),853180,27194000000,0,0,32.0,32.05,31.6
2020-07-30,17.55,32.45,0.45(1.41 %),213020,6868000000,0,0,32.0,32.45,32.0
2020-07-31,17.55,32.45,0(0.00 %),419900,13624000000,0,0,32.0,32.65,32.0
2020-08-03,18.23,33.7,1.25(3.85 %),723720,24113000000,0,0,32.4,33.85,32.4
2020-08-04,18.23,33.7,0(0.00 %),346460,11700000000,0,0,33.8,33.95,33.45
2020-08-05,18.44,34.1,0.4(1.19 %),402790,13659000000,141600,4593504000,33.35,34.1,33.35
2020-08-06,18.47,34.15,0.05(0.15 %),322570,11007000000,0,0,33.8,34.4,33.8
2020-08-07,18.71,34.6,0.45(1.32 %),585330,20305000000,0,0,34.0,35.05,34.0
2020-08-10,18.69,34.55,-0.05(-0.14 %),354460,12347000000,0,0,34.9,35.1,34.55
2020-08-11,18.66,34.5,-0.05(-0.14 %),507670,17439000000,0,0,34.55,34.6,34.0
2020-08-12,18.69,34.55,0.05(0.14 %),426100,14618000000,0,0,34.4,34.6,34.05
2020-08-13,19.09,35.3,0.75(2.17 %),791750,27922000000,100000,3430000000,34.9,35.7,34.7
2020-08-14,19.09,35.3,0(0.00 %),708180,24822000000,0,0,35.1,35.5,34.7
2020-08-17,18.93,35.0,-0.3(-0.85 %),261460,9146000000,115000,3967500000,35.0,35.2,34.8
2020-08-18,19.06,35.25,0.25(0.71 %),245240,8660000000,30000,1116000000,34.85,35.6,34.85
2020-08-19,19.09,35.3,0.05(0.14 %),310770,10978000000,0,0,35.45,35.45,35.2
2020-08-20,19.09,35.3,0(0.00 %),485200,17092000000,0,0,35.25,35.5,34.95
2020-08-21,19.25,35.6,0.3(0.85 %),393140,13970000000,0,0,35.45,35.75,35.3
2020-08-24,19.44,35.95,0.35(0.98 %),503760,18064000000,0,0,35.8,35.95,35.7
2020-08-25,19.93,36.85,0.9(2.50 %),915810,33402000000,0,0,36.0,36.85,35.95
2020-08-26,19.71,36.45,-0.4(-1.09 %),447620,16449000000,0,0,36.9,36.95,36.4
2020-08-27,19.87,36.75,0.3(0.82 %),389550,14306000000,0,0,36.45,36.85,36.25
2020-08-28,19.93,36.85,0.1(0.27 %),474590,17595000000,0,0,36.6,37.3,36.6
2020-08-31,19.96,36.9,0.05(0.14 %),288150,10631000000,0,0,36.85,37.2,36.8
2020-09-01,20.01,37.0,0.1(0.27 %),309110,11387000000,50000,1835000000,35.25,37.0,35.25
2020-09-03,20.28,37.5,0.5(1.35 %),426930,15926000000,0,0,37.1,37.5,36.9
2020-09-04,20.17,37.3,-0.2(-0.53 %),243410,9030000000,0,0,37.0,37.4,36.8
2020-09-07,19.79,36.6,-0.7(-1.88 %),287690,10682000000,0,0,37.3,37.4,36.6
2020-09-08,19.85,36.7,0.1(0.27 %),240200,8808000000,0,0,36.9,36.95,36.45
2020-09-09,20.09,37.15,0.45(1.23 %),301000,11061000000,0,0,36.7,37.3,36.55
2020-09-10,21.09,39.0,1.85(4.98 %),1007380,38530000000,0,0,37.3,39.0,37.05
2020-09-11,20.93,38.7,-0.3(-0.77 %),591820,22982000000,0,0,39.0,39.1,38.2
2020-09-14,21.25,39.3,0.6(1.55 %),288840,11366000000,45000,1741500000,39.0,39.55,38.7
2020-09-15,21.06,38.95,-0.35(-0.89 %),560820,21889000000,0,0,39.3,39.3,38.6
2020-09-16,21.09,39.0,0.05(0.13 %),361000,14044000000,0,0,38.95,39.15,38.8
2020-09-17,21.58,39.9,0.9(2.31 %),827270,32943000000,0,0,39.0,40.45,38.95
2020-09-18,21.79,40.3,0.4(1.00 %),289520,11616000000,80000,3176000000,40.2,40.35,39.9
2020-09-21,21.85,40.4,0.1(0.25 %),621040,25256000000,0,0,40.3,41.15,40.1
2020-09-22,21.85,40.4,0(0.00 %),435990,17514000000,0,0,40.05,40.6,39.95
2020-09-23,21.66,40.05,-0.35(-0.87 %),435520,17475000000,0,0,40.5,40.8,39.95
2020-09-24,21.85,40.4,0.35(0.87 %),435870,17550000000,0,0,40.05,40.75,39.7
2020-09-25,21.85,40.4,0(0.00 %),226460,9118000000,0,0,40.5,40.6,40.0
2020-09-28,21.79,40.3,-0.1(-0.25 %),264660,10670000000,0,0,40.5,40.55,40.2
2020-09-29,21.61,39.95,-0.35(-0.87 %),607330,24361000000,0,0,40.35,40.45,39.95
2020-09-30,21.74,40.2,0.25(0.63 %),457740,18358000000,0,0,39.9,40.3,39.9
2020-10-01,22.61,41.8,1.6(3.98 %),587940,24313000000,0,0,40.2,41.85,40.2
2020-10-02,21.71,40.15,-1.65(-3.95 %),797440,32668000000,0,0,41.8,42.0,40.0
2020-10-05,22.69,41.95,1.8(4.48 %),371100,15418000000,0,0,41.2,42.0,41.2
2020-10-06,22.55,41.7,-0.25(-0.60 %),557850,23101000000,0,0,42.0,42.0,41.0
2020-10-07,22.36,41.35,-0.35(-0.84 %),448650,18551000000,0,0,41.2,41.65,41.05
2020-10-08,22.42,41.45,0.1(0.24 %),382790,15856000000,0,0,41.35,41.6,41.2
2020-10-09,22.71,42.0,0.55(1.33 %),384750,16126000000,0,0,41.45,42.3,41.25
2020-10-12,22.55,41.7,-0.3(-0.71 %),575670,24156000000,0,0,42.4,42.6,41.5
2020-10-13,22.52,41.65,-0.05(-0.12 %),223010,9269000000,0,0,41.7,41.8,41.3
2020-10-14,22.23,41.1,-0.55(-1.32 %),533620,21946000000,35950,1479342500,41.5,41.6,40.8
2020-10-15,22.61,41.8,0.7(1.70 %),302230,12489000000,0,0,41.0,41.85,41.0
2020-10-16,22.5,41.6,-0.2(-0.48 %),540700,22310000000,170000,7106000000,41.8,41.8,41.0
2020-10-19,22.5,41.6,0(0.00 %),144440,5993000000,147748,6171866400,41.2,41.65,41.2
2020-10-20,22.5,41.6,0(0.00 %),287510,11974000000,0,0,41.6,41.9,41.4
2020-10-21,22.61,41.8,0.2(0.48 %),988240,41628000000,429460,18530970000,41.75,42.85,41.7
2020-10-22,22.63,41.85,0.05(0.12 %),330310,13862000000,0,0,41.9,42.45,41.75
2020-10-23,22.71,42.0,0.15(0.36 %),320340,13459000000,88680,3968430000,42.3,42.3,41.85
2020-10-26,22.66,41.9,-0.1(-0.24 %),451160,18926000000,0,0,42.0,42.1,41.85
2020-10-27,22.66,41.9,0(0.00 %),638290,26710000000,0,0,41.85,41.95,41.6
2020-10-28,22.58,41.75,-0.15(-0.36 %),457560,19155000000,0,0,41.9,42.0,41.75
2020-10-29,22.5,41.6,-0.15(-0.36 %),471030,19494000000,0,0,40.9,41.75,40.9
2020-10-30,22.66,41.9,0.3(0.72 %),389330,16261000000,0,0,41.1,41.9,41.1
2020-11-02,22.47,41.55,-0.35(-0.84 %),377590,15747000000,0,0,41.35,41.9,41.35
2020-11-03,22.82,42.2,0.65(1.56 %),256440,10815000000,0,0,41.55,42.7,41.55
2020-11-04,22.66,41.9,-0.3(-0.71 %),253590,10650000000,150000,6285000000,42.2,42.2,41.8
2020-11-05,22.61,41.8,-0.1(-0.24 %),439280,18463000000,0,0,41.6,42.5,41.6
2020-11-06,22.66,41.9,0.1(0.24 %),239580,10016000000,0,0,41.8,41.95,41.7
2020-11-09,22.74,42.05,0.15(0.36 %),506590,21329000000,0,0,41.9,42.5,41.7
2020-11-10,22.88,42.3,0.25(0.59 %),323620,13740000000,0,0,42.5,42.65,42.3
2020-11-11,22.9,42.35,0.05(0.12 %),244470,10316000000,95000,4298750000,42.35,42.35,42.05
2020-11-12,24.07,44.5,2.15(5.08 %),883980,39036000000,0,0,42.7,44.7,42.6
2020-11-13,24.07,44.5,0(0.00 %),316800,14052000000,0,0,44.3,44.55,44.0
2020-11-16,23.63,43.7,-0.8(-1.80 %),325880,14344000000,0,0,44.5,44.6,43.7
2020-11-17,23.88,44.15,0.45(1.03 %),736910,32344000000,0,0,43.9,44.3,43.6
2020-11-18,23.74,43.9,-0.25(-0.57 %),400660,17633000000,0,0,44.15,44.7,43.7
2020-11-19,23.74,43.9,0(0.00 %),675990,29739000000,0,0,44.15,44.4,43.6
2020-11-20,24.07,44.5,0.6(1.37 %),299890,13278000000,0,0,43.9,44.55,43.9
2020-11-23,24.9,46.05,1.55(3.48 %),745600,34161000000,0,0,44.5,46.4,44.2
2020-11-24,24.88,46.0,-0.05(-0.11 %),386580,17688000000,0,0,46.05,46.1,45.2
2020-11-25,24.82,45.9,-0.1(-0.22 %),405260,18732000000,0,0,45.9,47.35,45.5
2020-11-26,25.09,46.4,0.5(1.09 %),406620,18771000000,0,0,46.0,46.95,45.7
2020-11-27,25.74,47.6,1.2(2.59 %),513130,24122000000,0,0,46.35,47.7,46.1
2020-11-30,26.28,48.6,1(2.10 %),821150,40115000000,0,0,49.5,49.5,47.7
2020-12-01,26.2,48.45,-0.15(-0.31 %),362830,17514000000,0,0,48.45,48.5,47.8
2020-12-02,26.12,48.3,-0.15(-0.31 %),278150,13408000000,0,0,48.45,48.85,47.9
2020-12-03,25.53,47.2,-1.1(-2.28 %),479430,22559000000,0,0,48.05,48.15,46.2
2020-12-04,25.42,47.0,-0.2(-0.42 %),364310,17169000000,92000,4646000000,47.5,47.5,46.9
2020-12-07,25.36,46.9,-0.1(-0.21 %),343790,16197000000,0,0,46.9,47.5,46.5
2020-12-08,25.15,46.5,-0.4(-0.85 %),415460,19397000000,250000,11725000000,46.9,47.1,46.5
2020-12-09,25.28,46.75,0.25(0.54 %),552810,25749000000,0,0,46.5,46.75,46.2
2020-12-10,25.58,47.3,0.55(1.18 %),686500,32625000000,0,0,46.8,49.0,46.8
2020-12-11,25.69,47.5,0.2(0.42 %),483590,22936000000,248000,11730400000,47.3,47.8,47.3
2020-12-14,25.72,47.55,0.05(0.11 %),457190,21923000000,0,0,47.9,48.4,47.5
2020-12-15,25.69,47.5,-0.05(-0.11 %),443820,21133000000,0,0,47.75,48.0,47.15
2020-12-16,25.58,47.3,-0.2(-0.42 %),559800,26483000000,38000,1797400000,47.1,47.6,47.0
2020-12-17,25.04,46.3,-1(-2.11 %),938760,43793000000,0,0,47.0,47.3,46.1
2020-12-18,25.2,46.6,0.3(0.65 %),593480,27619000000,0,0,46.0,46.8,46.0
2020-12-21,25.47,47.1,0.5(1.07 %),522710,24705000000,0,0,47.0,47.8,47.0
2020-12-22,26.28,48.6,1.5(3.18 %),792470,37832000000,0,0,47.1,48.8,46.8
2020-12-23,26.23,48.5,-0.1(-0.21 %),500210,24386000000,0,0,49.0,49.05,48.0
2020-12-24,25.8,47.7,-0.8(-1.65 %),554540,26407000000,0,0,48.05,48.5,46.8
2020-12-25,25.96,48.0,0.3(0.63 %),451440,21481000000,0,0,47.25,48.0,47.25
2020-12-28,25.77,47.65,-0.35(-0.73 %),383160,18341000000,0,0,48.3,48.3,47.4
2020-12-29,25.8,47.7,0.05(0.10 %),318410,15147000000,0,0,47.6,47.85,47.3
2020-12-30,26.12,48.3,0.6(1.26 %),504640,24300000000,0,0,48.3,49.0,47.4
2020-12-31,26.47,48.95,0.65(1.35 %),241510,11710000000,0,0,48.0,48.95,48.0
2021-01-04,27.2,50.3,1.35(2.76 %),659500,32813000000,328000,16260000000,49.55,50.5,49.2
2021-01-05,27.15,50.2,-0.1(-0.20 %),362700,18186000000,312600,16817880000,50.0,50.5,49.9
2021-01-06,27.04,50.0,-0.2(-0.40 %),456500,22974000000,560000,28112000000,50.3,51.0,49.6
2021-01-07,27.58,51.0,1(2.00 %),624000,31548000000,86700,4335000000,49.9,51.3,49.8
2021-01-08,27.74,51.3,0.3(0.59 %),498200,25455000000,208000,9869600000,51.5,51.5,50.5
2021-01-11,27.69,51.2,-0.1(-0.19 %),614200,31525000000,0,0,51.3,51.8,51.0
2021-01-12,28.72,53.1,1.9(3.71 %),1089900,56673000000,0,0,51.2,53.5,51.0
2021-01-13,28.77,53.2,0.1(0.19 %),1066600,56828000000,0,0,53.5,53.8,52.5
2021-01-14,28.66,53.0,-0.2(-0.38 %),482400,25592000000,0,0,53.2,53.3,52.7
2021-01-15,28.93,53.5,0.5(0.94 %),925900,49348000000,300000,17010000000,53.5,53.7,52.7
2021-01-18,29.15,53.9,0.4(0.75 %),559600,30133000000,37600,2000320000,53.5,54.5,53.2
2021-01-19,28.56,52.8,-1.1(-2.04 %),786300,40287000000,718320,41375232000,53.9,53.9,50.2
2021-01-20,28.66,53.0,0.2(0.38 %),988000,51234000000,0,0,52.9,53.1,50.0
2021-01-21,28.99,53.6,0.6(1.13 %),586800,31245000000,0,0,53.0,53.9,52.4
2021-01-22,29.26,54.1,0.5(0.93 %),816100,44275000000,37600,2003328000,53.6,55.0,53.3
2021-01-25,29.37,54.3,0.2(0.37 %),678300,36753000000,0,0,54.1,54.5,53.8
2021-01-26,28.88,53.4,-0.9(-1.66 %),713400,38120000000,0,0,54.7,54.7,52.0
2021-01-27,28.07,51.9,-1.5(-2.81 %),958000,49690000000,20000,1142000000,52.0,53.4,50.0
2021-01-28,26.12,48.3,-3.6(-6.94 %),917900,45255000000,1700000,94350000000,48.3,50.5,48.3
2021-01-29,27.58,51.0,2.7(5.59 %),680300,33619000000,0,0,46.0,51.6,46.0
2021-02-01,27.09,50.1,-0.9(-1.76 %),485900,24440000000,0,0,50.8,51.8,48.8
2021-02-02,28.93,53.5,3.4(6.79 %),669000,34289000000,156600,7614520000,49.8,53.5,49.75
2021-02-03,29.2,54.0,0.5(0.93 %),1020400,54856000000,0,0,54.0,54.5,53.0
2021-02-04,28.93,53.5,-0.5(-0.93 %),1187200,63084000000,0,0,54.3,54.3,52.6
2021-02-05,28.93,53.5,0(0.00 %),937100,49557000000,490623,27854215600,53.5,54.0,52.6
2021-02-08,29.2,54.0,0.5(0.93 %),1818200,99078000000,0,0,54.0,56.0,52.8
2021-02-09,30.83,57.0,3(5.56 %),1500300,82469000000,0,0,57.0,57.0,53.5
2021-02-17,31.96,59.1,2.1(3.68 %),1912700,112061000000,59600,3629640000,58.0,59.2,57.0
2021-02-18,32.23,59.6,0.5(0.85 %),1053100,61830000000,0,0,59.0,59.6,57.5
2021-02-19,31.69,58.6,-1(-1.68 %),637700,37526000000,360000,21240000000,58.5,59.5,58.5
2021-02-22,30.83,57.0,-1.6(-2.73 %),1044700,60182000000,0,0,58.1,58.3,56.8
2021-02-23,30.5,56.4,-0.6(-1.05 %),990700,56063000000,0,0,57.0,57.5,56.0
2021-02-24,30.83,57.0,0.6(1.06 %),616000,34669000000,0,0,56.8,57.2,55.0
2021-02-25,30.5,56.4,-0.6(-1.05 %),816200,46126000000,27000,1593000000,57.1,57.7,56.0
2021-02-26,30.66,56.7,0.3(0.53 %),1037700,58404000000,0,0,55.7,56.8,55.6
2021-03-01,30.77,56.9,0.2(0.35 %),874100,49813000000,0,0,56.7,57.3,56.7
2021-03-02,30.77,56.9,0(0.00 %),563900,32217000000,0,0,57.4,57.6,56.7
2021-03-03,30.88,57.1,0.2(0.35 %),1146400,65441000000,0,0,57.3,57.4,56.7
2021-03-04,30.02,55.5,-1.6(-2.80 %),948400,53254000000,0,0,57.6,57.6,54.5
2021-03-05,29.96,55.4,-0.1(-0.18 %),641600,35279000000,0,0,55.5,55.5,54.5
2021-03-08,30.29,56.0,0.6(1.08 %),614800,34397000000,0,0,55.5,56.5,55.4
2021-03-09,29.74,55.0,-1(-1.79 %),1461200,79775000000,0,0,55.4,55.6,53.7
2021-03-10,29.69,54.9,-0.1(-0.18 %),968100,52765000000,0,0,54.7,54.9,54.0
2021-03-11,30.02,55.5,0.6(1.09 %),821900,45479000000,0,0,55.0,55.5,55.0
2021-03-12,30.02,55.5,0(0.00 %),611700,33838000000,0,0,55.5,55.6,55.1
2021-03-15,29.69,54.9,-0.6(-1.08 %),586200,32358000000,75000,4105500000,55.2,55.5,54.8
2021-03-16,29.15,53.9,-1(-1.82 %),1072000,57877000000,0,0,54.9,54.9,53.3
2021-03-17,29.15,53.9,0(0.00 %),636800,34197000000,0,0,53.9,54.0,53.4
2021-03-18,29.26,54.1,0.2(0.37 %),428500,23259000000,0,0,54.3,54.8,53.9
2021-03-19,30.39,56.2,2.1(3.88 %),1678800,92899000000,0,0,54.1,56.3,53.9
2021-03-22,30.56,56.5,0.3(0.53 %),982800,55597000000,0,0,56.6,57.0,56.0
2021-03-23,30.02,55.5,-1(-1.77 %),456100,25403000000,0,0,56.5,56.5,55.1
2021-03-24,29.2,54.0,-1.5(-2.70 %),672400,36378000000,0,0,54.3,55.0,53.5
2021-03-25,28.88,53.4,-0.6(-1.11 %),565800,30396000000,0,0,54.0,54.2,53.3
2021-03-26,29.2,54.0,0.6(1.12 %),870500,45841000000,1824000,104150400000,53.4,54.0,49.7
2021-03-29,29.37,54.3,0.3(0.56 %),301000,16172000000,0,0,54.0,54.3,53.4
2021-03-30,28.77,53.2,-1.1(-2.03 %),816600,43454000000,0,0,54.3,54.3,52.6
2021-03-31,28.45,52.6,-0.6(-1.13 %),728900,38377000000,0,0,52.4,53.2,52.4
2021-04-01,29.15,53.9,1.3(2.47 %),458300,24306000000,0,0,52.7,53.9,52.5
2021-04-02,29.04,53.7,-0.2(-0.37 %),542500,29286000000,110000,5940000000,54.0,54.2,53.7
2021-04-05,28.99,53.6,-0.1(-0.19 %),388200,20879000000,0,0,53.9,54.2,53.3
2021-04-06,28.83,53.3,-0.3(-0.56 %),369800,19828000000,0,0,53.7,54.0,52.5
2021-04-07,28.83,53.3,0(0.00 %),291200,15424000000,0,0,52.7,53.3,52.5
2021-04-08,28.56,52.8,-0.5(-0.94 %),378300,20010000000,0,0,53.2,53.3,52.6
2021-04-09,28.93,53.5,0.7(1.33 %),652700,34630000000,100000,5640000000,52.8,53.6,52.7
2021-04-12,28.99,53.6,0.1(0.19 %),754500,40259000000,0,0,53.6,53.6,53.1
2021-04-13,28.77,53.2,-0.4(-0.75 %),807100,43061000000,0,0,53.7,53.7,53.0
2021-04-14,28.61,52.9,-0.3(-0.56 %),507400,26755000000,0,0,53.0,53.2,52.4
2021-04-15,27.96,51.7,-1.2(-2.27 %),620300,32361000000,0,0,52.7,52.9,51.7
2021-04-16,27.58,51.0,-0.7(-1.35 %),691200,35082000000,0,0,51.6,51.7,50.0
2021-04-19,28.5,52.7,1.7(3.33 %),537800,27448000000,200000,10900000000,51.0,52.7,50.0
2021-04-20,28.12,52.0,-0.7(-1.33 %),607800,32115000000,0,0,52.7,53.2,52.0
2021-04-22,27.69,51.2,-0.8(-1.54 %),412900,21289000000,37500,1950000000,52.0,52.0,51.2
2021-04-23,28.28,52.3,1.1(2.15 %),496900,25448000000,0,0,50.3,52.3,50.3
2021-04-26,27.74,51.3,-1(-1.91 %),428700,21940000000,0,0,52.3,52.3,50.8
2021-04-27,27.58,51.0,-0.3(-0.58 %),548100,27962000000,0,0,51.4,51.4,50.4
2021-04-28,27.58,51.0,0(0.00 %),287200,14587000000,0,0,50.7,51.1,50.1
2021-04-29,28.99,53.6,2.6(5.10 %),1047800,55144000000,0,0,51.0,53.6,50.6
2021-05-04,28.18,52.1,-1.5(-2.80 %),461800,24228000000,345000,19552050000,52.5,53.0,52.0
2021-05-05,28.56,52.8,0.7(1.34 %),390100,20712000000,140000,7504000000,52.1,53.5,52.1
2021-05-06,29.8,55.1,2.3(4.36 %),1560900,85166000000,429900,23035642000,53.5,55.4,52.9
2021-05-07,30.34,56.1,1(1.81 %),996200,55277000000,0,0,55.0,56.7,54.0
2021-05-10,30.66,56.7,0.6(1.07 %),898500,50986000000,0,0,55.6,57.4,55.1
2021-05-11,29.69,54.9,-1.8(-3.17 %),906700,50556000000,0,0,56.7,56.8,54.8
2021-05-12,29.91,55.3,0.4(0.73 %),376800,20705000000,0,0,54.3,55.9,54.0
2021-05-13,29.74,55.0,-0.3(-0.54 %),603500,33062000000,0,0,55.0,55.5,54.3
2021-05-14,30.29,56.0,1(1.82 %),626200,34956000000,0,0,55.0,56.6,54.5
2021-05-17,29.85,55.2,-0.8(-1.43 %),360000,19996000000,0,0,56.0,56.3,55.0
2021-05-18,30.02,55.5,0.3(0.54 %),523000,28890000000,0,0,55.2,56.0,54.4
2021-05-19,29.74,55.0,-0.5(-0.90 %),357800,19612000000,0,0,55.0,55.3,54.4
2021-05-20,31.58,58.4,3.4(6.18 %),1457300,82753000000,571390,33597732000,54.6,58.5,54.6
2021-05-21,31.37,58.0,-0.4(-0.68 %),822600,47573000000,0,0,58.4,58.4,57.3
2021-05-24,31.96,59.1,1.1(1.90 %),879000,51581000000,0,0,58.0,59.9,57.6
2021-05-25,31.96,59.1,0(0.00 %),590800,34732000000,0,0,59.2,59.5,58.0
2021-05-26,31.96,59.1,0(0.00 %),518900,30521000000,0,0,59.1,59.2,58.3
2021-05-27,32.02,59.2,0.1(0.17 %),1038100,62073000000,56000,3539200000,59.1,61.0,58.6
2021-05-28,32.07,59.3,0.1(0.17 %),769900,45369000000,0,0,58.8,59.3,58.3
2021-05-31,31.48,58.2,-1.1(-1.85 %),551500,32296000000,551100,34939740000,59.5,59.6,58.0
2021-06-01,30.83,57.0,-1.2(-2.06 %),834100,47754000000,0,0,58.2,58.2,56.6
2021-06-02,30.29,56.0,-1(-1.75 %),827600,46496000000,0,0,56.0,56.8,55.6
2021-06-03,31.26,57.8,1.8(3.21 %),594100,33708000000,0,0,55.5,58.5,55.5
2021-06-04,31.04,57.4,-0.4(-0.69 %),520300,29751000000,0,0,57.5,57.7,56.5
2021-06-07,30.18,55.8,-1.6(-2.79 %),1120100,62175000000,0,0,57.0,57.2,54.0
2021-06-08,30.29,56.0,0.2(0.36 %),592000,33281000000,0,0,56.0,57.0,55.6
2021-06-09,30.02,55.5,-0.5(-0.89 %),326800,18136000000,0,0,55.0,56.0,55.0
2021-06-10,29.47,54.5,-1(-1.80 %),1013600,54966000000,0,0,54.5,55.4,53.4
2021-06-11,29.69,54.9,0.4(0.73 %),789200,43058000000,99533,5802773900,54.5,55.2,54.0
2021-06-14,30.02,55.5,0.6(1.09 %),764800,42336000000,0,0,55.4,55.8,54.8
2021-06-15,30.77,56.9,1.4(2.52 %),779500,44252000000,0,0,56.4,57.2,56.0
2021-06-16,30.77,56.9,0(0.00 %),616300,34798000000,0,0,56.7,57.3,55.8
2021-06-17,32.45,60.0,3.1(5.45 %),1078600,63014000000,0,0,55.9,60.3,55.8
2021-06-18,32.29,59.7,-0.3(-0.50 %),1201700,72181000000,0,0,60.9,61.0,59.6
2021-06-21,31.48,58.2,-1.5(-2.51 %),684000,39972000000,0,0,58.0,59.3,57.8
2021-06-22,31.15,57.6,-0.6(-1.03 %),559600,32511000000,0,0,58.0,58.8,57.3
2021-06-23,30.77,56.9,-0.7(-1.22 %),692700,39513000000,0,0,57.6,57.9,56.6
2021-06-24,30.5,56.4,-0.5(-0.88 %),312400,17690000000,0,0,56.5,57.0,56.4
2021-06-25,30.56,56.5,0.1(0.18 %),429400,24226000000,46000,2583820000,56.9,57.0,55.8
2021-06-28,30.99,57.3,0.8(1.42 %),501500,28563000000,0,0,56.5,57.5,56.4
2021-06-29,31.2,57.7,0.4(0.70 %),693700,40142000000,0,0,57.3,58.3,57.3
2021-06-30,31.2,57.7,0(0.00 %),413000,23886000000,0,0,58.0,58.4,57.5
2021-07-01,31.15,57.6,-0.1(-0.17 %),434400,25029000000,0,0,57.5,58.4,57.3
2021-07-02,30.66,56.7,-0.9(-1.56 %),767900,43894000000,0,0,58.0,58.0,56.7
2021-07-05,29.64,54.8,-1.9(-3.35 %),1101800,60928000000,0,0,56.7,56.7,54.8
2021-07-06,28.39,52.5,-2.3(-4.20 %),929400,51196000000,0,0,54.8,56.7,52.5
2021-07-07,29.15,53.9,1.4(2.67 %),550700,29384000000,0,0,53.0,53.9,52.5
2021-07-08,28.66,53.0,-0.9(-1.67 %),369600,19714000000,0,0,53.9,54.0,53.0
2021-07-09,28.61,52.9,-0.1(-0.19 %),790100,41723000000,0,0,52.1,53.3,51.9
2021-07-12,28.28,52.3,-0.6(-1.13 %),1353000,69139000000,0,0,53.0,53.0,50.0
2021-07-13,28.07,51.9,-0.4(-0.76 %),410700,21346000000,0,0,52.8,52.8,51.6
2021-07-14,27.64,51.1,-0.8(-1.54 %),518000,26542000000,0,0,51.5,51.9,50.9
2021-07-15,27.69,51.2,0.1(0.20 %),355900,18272000000,0,0,51.1,52.0,51.0
2021-07-16,28.07,51.9,0.7(1.37 %),472400,24428000000,0,0,51.7,52.1,51.2
2021-07-19,27.47,50.8,-1.1(-2.12 %),529600,27132000000,0,0,51.0,51.9,50.5
2021-07-20,27.96,51.7,0.9(1.77 %),471600,24218000000,0,0,50.6,51.8,50.6
2021-07-21,28.23,52.2,0.5(0.97 %),496900,25878000000,0,0,51.6,52.8,51.5
2021-07-22,28.56,52.8,0.6(1.15 %),277600,14631000000,0,0,52.2,53.1,52.1
2021-07-23,27.85,51.5,-1.3(-2.46 %),650100,33918000000,0,0,52.8,53.2,51.0
2021-07-26,28.12,52.0,0.5(0.97 %),379700,19473000000,0,0,51.8,52.1,50.5
2021-07-27,28.56,52.8,0.8(1.54 %),461400,24438000000,0,0,51.7,53.5,51.7
2021-07-28,28.34,52.4,-0.4(-0.76 %),170600,8958000000,0,0,52.5,52.8,52.1
2021-07-29,28.34,52.4,0(0.00 %),300500,15775000000,0,0,52.4,53.0,52.0
2021-07-30,29.74,55.0,2.6(4.96 %),1927400,104359000000,0,0,53.1,55.0,52.4
2021-08-02,29.2,54.0,-1(-1.82 %),637200,34474000000,0,0,54.4,54.9,53.4
2021-08-03,29.37,54.3,0.3(0.56 %),426800,23101000000,0,0,54.0,54.5,53.7
2021-08-04,29.2,54.0,-0.3(-0.55 %),384600,20817000000,972800,54135123000,54.3,54.5,53.9
2021-08-05,29.2,54.0,0(0.00 %),269300,14513000000,0,0,53.5,54.1,53.5
2021-08-06,29.2,54.0,0(0.00 %),415500,22581000000,0,0,53.9,54.8,53.9
2021-08-09,30.23,55.9,1.9(3.52 %),1049800,57824000000,0,0,54.0,55.9,53.5
2021-08-10,30.23,55.9,0(0.00 %),457000,25466000000,0,0,55.7,56.1,55.5
2021-08-11,30.5,56.4,0.5(0.89 %),792600,44740000000,0,0,55.9,57.0,55.4
2021-08-12,30.12,55.7,-0.7(-1.24 %),459600,25647000000,0,0,55.6,56.2,55.3
2021-08-13,30.12,55.7,0(0.00 %),587900,32564000000,0,0,55.9,56.1,54.7
2021-08-16,30.56,56.5,0.8(1.44 %),1197200,68190000000,0,0,56.0,57.9,55.9
2021-08-17,30.61,56.6,0.1(0.18 %),809900,46043000000,0,0,56.7,57.7,55.9
2021-08-18,32.72,60.5,3.9(6.89 %),3303400,195234000000,232500,14066250000,56.8,60.5,55.9
2021-08-19,32.83,60.7,0.2(0.33 %),1685100,104366000000,0,0,61.5,63.2,60.7
2021-08-20,33.15,61.3,0.6(0.99 %),2231000,136654000000,0,0,61.1,63.5,59.0
2021-08-23,31.37,58.0,-3.3(-5.38 %),2414900,144559000000,0,0,60.8,61.5,58.0
2021-08-24,31.31,57.9,-0.1(-0.17 %),1270700,72670000000,0,0,58.2,58.8,56.0
2021-08-25,31.42,58.1,0.2(0.35 %),892300,51364000000,0,0,57.5,58.5,56.8
2021-08-26,33.58,62.1,4(6.88 %),2584800,157501000000,0,0,58.7,62.1,58.3
2021-08-27,35.15,65.0,2.9(4.67 %),1983900,127329000000,0,0,62.1,65.6,62.1
2021-08-30,35.15,65.0,0(0.00 %),1032500,67376000000,55651,3617315000,66.0,66.5,64.5
2021-08-31,35.69,66.0,1(1.54 %),1640500,107836000000,0,0,64.7,67.8,63.9
2021-09-01,35.96,66.5,0.5(0.76 %),1031900,68168000000,0,0,65.3,67.4,65.1
2021-09-06,35.8,66.2,-0.3(-0.45 %),1158000,77375000000,0,0,65.9,68.0,65.5
2021-09-07,34.61,64.0,-2.2(-3.32 %),1306800,84905000000,0,0,66.1,66.2,64.0
2021-09-08,34.77,64.3,0.3(0.47 %),669000,43004000000,0,0,63.5,65.0,63.5
2021-09-09,35.69,66.0,1.7(2.64 %),598700,39088000000,0,0,64.3,66.0,64.3
2021-09-10,35.64,65.9,-0.1(-0.15 %),619500,40656000000,0,0,66.0,66.7,65.1
2021-09-13,34.88,64.5,-1.4(-2.12 %),932400,60407000000,0,0,65.9,65.9,64.3
2021-09-14,35.1,64.9,0.4(0.62 %),984100,62966000000,0,0,64.4,65.0,63.5
2021-09-15,35.15,65.0,0.1(0.15 %),666900,43092000000,0,0,64.5,65.5,63.7
2021-09-16,35.15,65.0,0(0.00 %),720500,46931000000,0,0,65.0,65.8,64.5
2021-09-17,36.18,66.9,1.9(2.92 %),2313500,155490000000,0,0,65.0,68.5,65.0
2021-09-20,35.48,65.6,-1.3(-1.94 %),1060000,70202000000,0,0,67.2,67.2,65.5
2021-09-21,35.69,66.0,0.4(0.61 %),1033200,67023000000,0,0,64.3,66.0,64.2
2021-09-22,36.78,68.0,2(3.03 %),1075900,71282000000,0,0,65.9,68.0,65.0
2021-09-23,36.23,67.0,-1(-1.47 %),831500,56174000000,0,0,68.0,68.3,66.2
2021-09-24,35.26,65.2,-1.8(-2.69 %),571300,37764000000,0,0,67.0,67.3,65.2
2021-09-27,33.53,62.0,-3.2(-4.91 %),1197000,76325000000,0,0,65.2,66.0,62.0
2021-09-28,34.88,64.5,2.5(4.03 %),990900,62479000000,0,0,61.5,64.5,61.5
2021-09-29,35.21,65.1,0.6(0.93 %),669000,43371000000,0,0,64.0,65.5,64.0
2021-09-30,35.26,65.2,0.1(0.15 %),549800,35699000000,0,0,65.1,65.3,64.2
2021-10-01,35.64,65.9,0.7(1.07 %),834700,54942000000,137278,8332774600,65.1,66.3,64.5
2021-10-04,37.75,69.8,3.9(5.92 %),2540500,174458000000,0,0,66.6,69.9,66.1
2021-10-05,37.75,69.8,0(0.00 %),979700,68447000000,0,0,69.9,70.2,69.3
2021-10-06,38.83,71.8,2(2.87 %),926800,65797000000,1103800,82286400000,70.1,71.8,69.9
2021-10-07,38.56,71.3,-0.5(-0.70 %),572900,41011000000,0,0,72.3,72.3,71.1
2021-10-08,38.13,70.5,-0.8(-1.12 %),726200,51269000000,0,0,72.0,72.0,69.7
2021-10-11,38.13,70.5,0(0.00 %),624400,43934000000,0,0,70.0,70.8,70.0
2021-10-12,39.15,72.4,1.9(2.70 %),896200,64384000000,0,0,70.6,73.0,70.4
2021-10-13,39.48,73.0,0.6(0.83 %),712700,52174000000,0,0,72.4,73.8,72.4
2021-10-14,39.48,73.0,0(0.00 %),789800,57604000000,0,0,73.5,73.5,72.6
2021-10-15,39.48,73.0,0(0.00 %),374400,27240000000,0,0,72.5,73.2,72.2
2021-10-18,40.02,74.0,1(1.37 %),600700,44190000000,0,0,73.0,75.2,72.0
2021-10-19,40.45,74.8,0.8(1.08 %),485700,36242000000,226400,16980000000,74.0,75.5,73.1
2021-10-20,40.51,74.9,0.1(0.13 %),355400,26506000000,0,0,75.4,75.4,73.5
2021-10-21,40.51,74.9,0(0.00 %),195800,14575000000,0,0,74.9,75.0,74.0
2021-10-22,41.1,76.0,1.1(1.47 %),548300,41457000000,0,0,74.9,76.3,74.2
2021-10-25,41.1,76.0,0(0.00 %),315300,24000000000,0,0,75.9,76.9,75.5
2021-10-26,40.67,75.2,-0.8(-1.05 %),401500,29963000000,0,0,75.3,76.0,73.5
2021-10-27,41.1,76.0,0.8(1.06 %),547600,41247000000,0,0,74.9,76.3,74.3
2021-10-28,41.1,76.0,0(0.00 %),424400,32324000000,0,0,75.8,76.9,75.5
2021-10-29,40.45,74.8,-1.2(-1.58 %),564000,42755000000,0,0,76.1,76.9,74.8
2021-11-01,38.94,72.0,-2.8(-3.74 %),1664800,120125000000,0,0,73.8,74.7,70.2
2021-11-02,39.1,72.3,0.3(0.42 %),518300,37456000000,0,0,72.0,73.0,71.1
2021-11-03,39.1,72.3,0(0.00 %),596800,42926000000,0,0,72.8,73.0,71.0
2021-11-04,38.29,70.8,-1.5(-2.07 %),646900,46151000000,250000,18165000000,71.6,72.2,70.5
2021-11-05,38.45,71.1,0.3(0.42 %),660600,46667000000,0,0,70.0,71.5,70.0
2021-11-08,38.94,72.0,0.9(1.27 %),639900,45861000000,1000000,66500000000,71.5,72.2,71.1
2021-11-09,38.94,72.0,0(0.00 %),655700,47422000000,0,0,72.0,73.4,71.8
2021-11-10,38.29,70.8,-1.2(-1.67 %),690500,49082000000,0,0,72.1,72.1,70.8
2021-11-11,38.29,70.8,0(0.00 %),766000,54389000000,650000,49075000000,70.5,72.0,70.1
2021-11-12,39.48,73.0,2.2(3.11 %),473900,33947000000,0,0,70.8,73.0,70.5
2021-11-15,38.99,72.1,-0.9(-1.23 %),1048800,75310000000,0,0,72.1,74.0,70.9
2021-11-16,38.83,71.8,-0.3(-0.42 %),503500,35865000000,23000,1543300000,71.5,72.0,70.7
2021-11-17,38.83,71.8,0(0.00 %),389600,27724000000,20000,1336000000,72.0,72.0,70.8
2021-11-18,37.86,70.0,-1.8(-2.51 %),732800,51708000000,30000,2304000000,71.7,71.7,70.0
2021-11-19,36.29,67.1,-2.9(-4.14 %),1085200,74501000000,0,0,70.1,70.6,66.0
2021-11-22,34.88,64.5,-2.6(-3.87 %),1222800,79689000000,650000,42035500000,67.1,67.1,63.9
2021-11-23,36.07,66.7,2.2(3.41 %),458400,30100000000,75000,4500000000,63.6,66.7,63.6
2021-11-24,36.56,67.6,0.9(1.35 %),405700,27288000000,0,0,67.7,68.0,66.8
2021-11-25,36.18,66.9,-0.7(-1.04 %),553200,36988000000,518000,36646400000,67.2,67.2,66.6
2021-11-26,36.23,67.0,0.1(0.15 %),871600,58326000000,0,0,67.0,67.7,66.5
2021-11-29,37.32,69.0,2(2.99 %),390800,26366000000,0,0,66.5,69.5,66.1
2021-11-30,38.13,70.5,1.5(2.17 %),816000,57708000000,0,0,71.7,71.7,69.1
2021-12-01,37.8,69.9,-0.6(-0.85 %),518100,36461000000,365000,24820000000,71.5,71.5,69.7
2021-12-02,37.32,69.0,-0.9(-1.29 %),433300,30059000000,0,0,69.8,69.9,68.9
2021-12-03,36.5,67.5,-1.5(-2.17 %),392300,26764000000,0,0,69.7,69.7,67.5
2021-12-06,35.21,65.1,-2.4(-3.56 %),865800,57483000000,100000,7200000000,66.8,68.4,65.0
2021-12-07,36.5,67.5,2.4(3.69 %),606700,40245000000,0,0,65.6,67.5,65.5
2021-12-08,36.34,67.2,-0.3(-0.44 %),377600,25315000000,0,0,68.0,68.0,66.7
2021-12-09,36.5,67.5,0.3(0.45 %),411800,27617000000,450000,32332500000,67.1,67.5,66.8
2021-12-10,36.83,68.1,0.6(0.89 %),322700,21950000000,0,0,67.5,68.9,67.5
2021-12-13,37.53,69.4,1.3(1.91 %),337200,23334000000,0,0,68.5,69.8,68.3
2021-12-14,37.15,68.7,-0.7(-1.01 %),592400,40937000000,0,0,69.5,70.3,68.5
2021-12-15,35.69,66.0,-2.7(-3.93 %),533600,35850000000,450000,28800000000,68.5,68.9,66.0
2021-12-16,36.34,67.2,1.2(1.82 %),476000,31963000000,0,0,67.5,67.7,66.9
2021-12-17,36.56,67.6,0.4(0.60 %),442000,29736000000,0,0,67.0,67.9,67.0
2021-12-20,36.29,67.1,-0.5(-0.74 %),671800,44999000000,0,0,67.5,67.8,66.8
2021-12-21,37.32,69.0,1.9(2.83 %),1112300,75775000000,0,0,66.8,69.0,66.5
2021-12-22,37.32,69.0,0(0.00 %),1562000,108935000000,0,0,70.0,70.4,68.9
2021-12-23,37.86,70.0,1(1.45 %),2292600,157802000000,0,0,69.0,70.0,67.6
2021-12-24,38.83,71.8,1.8(2.57 %),1905800,136496000000,0,0,70.4,73.4,69.8
2021-12-27,38.88,71.9,0.1(0.14 %),605400,43470000000,0,0,73.0,73.0,70.8
2021-12-28,38.88,71.9,0(0.00 %),799500,57946000000,0,0,71.5,73.4,71.2
2021-12-29,38.02,70.3,-1.6(-2.23 %),723200,51203000000,0,0,71.8,71.9,70.0
2021-12-30,37.8,69.9,-0.4(-0.57 %),360000,25278000000,0,0,70.2,71.0,69.8
2021-12-31,37.37,69.1,-0.8(-1.14 %),748900,52160000000,0,0,69.9,70.7,69.1
2022-01-04,37.86,70.0,0.9(1.30 %),516300,35954000000,0,0,69.8,70.5,68.9
2022-01-05,38.4,71.0,1(1.43 %),626600,44491000000,0,0,69.8,72.0,69.8
2022-01-06,37.8,69.9,-1.1(-1.55 %),512600,35939000000,0,0,70.7,70.7,69.6
2022-01-07,37.48,69.3,-0.6(-0.86 %),523600,36404000000,197000,14715900000,70.4,70.4,69.2
2022-01-10,36.83,68.1,-1.2(-1.73 %),862300,59585000000,0,0,69.2,70.0,68.0
2022-01-11,35.69,66.0,-2.1(-3.08 %),894600,60031000000,0,0,67.6,68.1,66.0
2022-01-12,35.75,66.1,0.1(0.15 %),476800,31414000000,0,0,66.0,66.9,65.0
2022-01-13,35.75,66.1,0(0.00 %),392000,26124000000,0,0,67.7,67.7,66.1
2022-01-14,35.91,66.4,0.3(0.45 %),158600,10534000000,126100,8915270000,65.5,67.0,65.5
2022-01-17,34.61,64.0,-2.4(-3.61 %),836000,54421000000,0,0,66.4,66.6,63.0
2022-01-18,34.61,64.0,0(0.00 %),417600,26706000000,0,0,64.0,64.9,62.9
2022-01-19,34.77,64.3,0.3(0.47 %),99800,6417000000,0,0,64.1,64.7,64.0
2022-01-20,35.32,65.3,0.7(1.08 %),172500,11202000000,0,0,64.5,65.7,64.5
2022-01-21,35.48,65.6,0.6(0.92 %),189300,12399000000,0,0,65.1,65.9,65.1
2022-01-24,34.07,63.0,-2.6(-3.96 %),393800,25348000000,0,0,65.8,65.8,62.6
2022-01-25,34.77,64.3,1.3(2.06 %),314800,20031000000,0,0,63.0,64.5,62.7
2022-01-26,35.1,64.9,0.6(0.93 %),508800,32830000000,0,0,64.3,65.4,64.1
2022-01-27,36.45,67.4,2.5(3.85 %),534800,35209000000,0,0,64.5,67.4,64.2
2022-01-28,37.32,69.0,1.6(2.37 %),745200,50998000000,0,0,67.5,69.0,67.0
2022-02-07,37.1,68.6,-0.4(-0.58 %),245100,16881000000,0,0,69.8,69.8,68.3
2022-02-08,37.53,69.4,0.8(1.17 %),622100,42976000000,0,0,68.0,69.6,67.9
2022-02-09,37.69,69.7,0.3(0.43 %),498600,34881000000,1231700,84978136000,69.4,70.3,69.4
2022-02-10,36.88,68.2,-1.5(-2.15 %),260500,17916000000,0,0,69.5,69.7,68.0
2022-02-11,36.94,68.3,0.1(0.15 %),176700,12057000000,0,0,68.0,68.9,67.9
2022-02-14,36.5,67.5,-0.8(-1.17 %),254500,17271000000,0,0,67.6,68.3,67.5
2022-02-15,36.94,68.3,0.8(1.19 %),178600,12122000000,0,0,67.0,68.4,67.0
2022-02-16,39.1,72.3,4(5.86 %),1134700,80133000000,0,0,68.5,72.3,68.5
2022-02-17,38.67,71.5,-0.8(-1.11 %),517600,37166000000,0,0,72.3,72.5,71.3
2022-02-18,39.21,72.5,1(1.40 %),899400,65381000000,0,0,71.1,73.8,71.1
2022-02-21,39.15,72.4,-0.1(-0.14 %),744800,54345000000,0,0,72.6,73.6,71.5
2022-02-22,38.72,71.6,-0.8(-1.10 %),497600,35599000000,0,0,71.9,72.0,71.0
2022-02-23,40.29,74.5,2.9(4.05 %),1046100,77008000000,0,0,72.2,75.0,71.6
2022-02-24,39.75,73.5,-1(-1.34 %),818600,59913000000,0,0,74.5,75.1,72.0
2022-02-25,40.02,74.0,0.5(0.68 %),652600,48372000000,0,0,73.5,75.5,72.7
2022-02-28,40.89,75.6,1.6(2.16 %),997300,75458000000,0,0,73.3,76.2,73.2
2022-03-01,40.4,74.7,-0.9(-1.19 %),358600,26977000000,0,0,75.7,75.9,74.5
2022-03-02,40.02,74.0,-0.7(-0.94 %),509300,37831000000,301900,24121810000,74.5,75.8,73.5
2022-03-03,40.94,75.7,1.7(2.30 %),821400,61343000000,0,0,74.0,76.0,72.8
2022-03-04,40.51,74.9,-0.8(-1.06 %),255900,19298000000,0,0,76.6,76.6,74.6
2022-03-07,39.91,73.8,-1.1(-1.47 %),370100,27432000000,0,0,74.8,74.9,73.5
2022-03-08,39.21,72.5,-1.3(-1.76 %),1110100,81779000000,0,0,73.2,75.3,72.5
2022-03-09,38.45,71.1,-1.4(-1.93 %),859100,61678000000,0,0,72.3,73.0,71.1
2022-03-10,38.78,71.7,0.6(0.84 %),446900,32207000000,0,0,72.1,73.0,71.5
2022-03-11,39.05,72.2,0.5(0.70 %),856100,62594000000,0,0,72.1,74.6,71.7
2022-03-14,39.43,72.9,0.7(0.97 %),402400,29182000000,0,0,71.7,73.5,71.7
2022-03-15,38.94,72.0,-0.9(-1.23 %),264200,19032000000,0,0,72.8,72.8,71.7
2022-03-16,38.51,71.2,-0.8(-1.11 %),481100,34513000000,348403,26827031000,72.1,72.5,71.2
2022-03-17,38.83,71.8,0.6(0.84 %),293700,21088000000,0,0,71.6,72.5,71.3
2022-03-18,38.83,71.8,0(0.00 %),257700,18576000000,0,0,71.8,72.5,71.7
2022-03-21,38.94,72.0,0.2(0.28 %),318200,22866000000,0,0,72.5,72.5,71.5
2022-03-22,40.07,74.1,2.1(2.92 %),1134400,83589000000,0,0,71.9,74.5,71.9
2022-03-23,40.29,74.5,0.4(0.54 %),826600,61940000000,429500,33460845000,74.1,75.8,73.7
2022-03-24,43.1,79.7,5.2(6.98 %),2130800,165941000000,0,0,74.2,79.7,74.0
2022-03-25,42.72,79.0,-0.7(-0.88 %),948100,75790000000,258000,20594340000,80.0,80.7,78.6
2022-03-28,43.21,79.9,0.9(1.14 %),1154500,91604000000,607400,47377196200,78.2,80.9,78.2
2022-03-29,43.54,80.5,0.6(0.75 %),1067000,86158000000,0,0,80.9,81.7,79.9
2022-03-30,44.02,81.4,0.9(1.12 %),1382000,111886000000,0,0,80.5,82.3,79.3
2022-03-31,44.18,81.7,0.3(0.37 %),1059100,87731000000,0,0,82.0,84.4,81.5
2022-04-01,45.48,84.1,2.4(2.94 %),1105600,92170000000,0,0,82.0,84.4,81.7
2022-04-04,44.62,82.5,-1.6(-1.90 %),766200,63853000000,25000,2000000000,84.0,84.9,82.5
2022-04-05,44.35,82.0,-0.5(-0.61 %),800900,66028000000,0,0,82.5,83.3,81.3
2022-04-06,45.81,84.7,2.7(3.29 %),935400,78290000000,0,0,81.5,85.0,81.3
2022-04-07,43.81,81.0,-3.7(-4.37 %),1025700,85359000000,20000,1812000000,84.8,86.0,81.0
2022-04-08,44.24,81.8,0.8(0.99 %),964100,78261000000,30000,2598000000,82.0,82.3,79.9
2022-04-12,42.78,79.1,-2.7(-3.30 %),670500,53677000000,0,0,82.6,82.6,79.0
2022-04-13,43.86,81.1,2(2.53 %),873400,69250000000,0,0,79.1,82.0,77.6
2022-04-14,44.35,82.0,0.9(1.11 %),744400,61137000000,0,0,81.0,83.5,80.0
2022-04-15,47.05,87.0,5(6.10 %),1484100,127234000000,75000,6577500000,81.7,87.6,81.7
2022-04-18,47.92,88.6,2.6(3.02 %),852700,74406000000,0,0,87.0,89.6,85.6
2022-04-19,46.28,84.6,-3(-3.42 %),608500,52712000000,0,0,87.6,87.8,83.0
2022-04-20,43.76,80.0,-4.6(-5.44 %),1122400,92148000000,73000,5940010000,84.0,84.3,80.0
2022-04-21,44.2,80.8,0.8(1.00 %),728300,58374000000,0,0,78.6,82.6,77.9
2022-04-22,41.9,76.6,-4.2(-5.20 %),1356300,105374000000,0,0,80.5,83.4,75.2
2022-04-25,39.0,71.3,-5.3(-6.92 %),1317900,95674000000,627400,48058840000,77.5,77.5,71.3
2022-04-26,40.42,73.9,2.6(3.65 %),704100,49521000000,0,0,68.1,74.0,67.0
2022-04-27,40.48,74.0,0.1(0.14 %),310000,22878000000,0,0,73.0,74.9,72.0
2022-04-28,43.27,79.1,5.1(6.89 %),1010500,78590000000,0,0,76.0,79.1,75.7
2022-04-29,45.07,82.4,3.3(4.17 %),961800,79211000000,0,0,80.0,84.4,80.0
2022-05-04,45.4,83.0,0.6(0.73 %),732100,61157000000,0,0,83.0,84.4,82.4
2022-05-05,44.96,82.2,-0.8(-0.96 %),778000,64137000000,0,0,84.0,84.4,80.1
2022-05-06,47.04,86.0,3.8(4.62 %),1914500,164248000000,100000,8790000000,81.8,87.9,81.0
2022-05-09,44.31,81.0,-5(-5.81 %),1189300,98915000000,0,0,85.0,86.5,81.0
2022-05-10,47.37,86.6,5.6(6.91 %),1319800,111327000000,50000,4293000000,80.0,86.6,79.6
2022-05-11,50.65,92.6,6(6.93 %),2055500,185229000000,20000,1692000000,88.9,92.6,86.5
2022-05-12,47.59,87.0,-5.6(-6.05 %),1824500,167741000000,3100000,306900000000,90.0,95.0,87.0
2022-05-13,44.31,81.0,-6(-6.90 %),1729600,145789000000,0,0,86.1,88.9,81.0
2022-05-16,41.24,75.4,-5.6(-6.91 %),1566200,122299000000,329900,28569340000,75.5,83.9,75.4
2022-05-17,44.09,70.1,4.5(6.86 %),1342000,89444000000,0,0,65.0,70.1,62.0
2022-05-18,45.92,73.0,2.9(4.14 %),800300,58377000000,0,0,71.9,74.4,71.0
2022-05-19,48.12,76.5,3.5(4.79 %),1053800,78869000000,190400,14870240000,70.3,77.0,70.3
2022-05-20,47.93,76.2,-0.3(-0.39 %),963700,73644000000,98000,8016400000,77.0,78.2,75.0
2022-05-23,46.23,73.5,-2.7(-3.54 %),766000,57177000000,0,0,76.4,76.5,72.5
2022-05-24,47.18,75.0,1.5(2.04 %),997800,73625000000,0,0,73.1,75.0,72.5
2022-05-25,50.45,80.2,5.2(6.93 %),962300,76305000000,529100,42433820000,76.0,80.2,75.8
2022-05-26,52.71,83.8,3.6(4.49 %),1634100,136799000000,243900,20926620000,83.5,85.3,82.1
2022-05-27,56.36,89.6,5.8(6.92 %),2630300,231114000000,111600,9999360000,83.0,89.6,82.0
2022-05-30,59.57,94.7,5.1(5.69 %),1132200,104036000000,0,0,91.2,94.7,89.9
2022-05-31,56.93,90.5,-4.2(-4.44 %),1322800,121784000000,0,0,93.9,95.5,89.0
2022-06-01,60.07,95.5,5(5.52 %),1158400,107045000000,0,0,90.6,96.6,90.2
2022-06-02,58.12,92.4,-3.1(-3.25 %),973800,91314000000,0,0,96.0,97.5,91.0
2022-06-03,58.5,93.0,0.6(0.65 %),1281800,117819000000,0,0,92.5,95.0,89.6
2022-06-06,57.74,91.8,-1.2(-1.29 %),1649500,155477000000,0,0,93.0,96.3,91.1
2022-06-07,60.39,96.0,4.2(4.58 %),2258000,213694000000,100000,9400000000,94.0,97.0,91.6
2022-06-08,61.83,98.3,2.3(2.40 %),1412700,139277000000,0,0,100.0,100.0,96.3
2022-06-09,60.89,96.8,-1.5(-1.53 %),775000,75358000000,0,0,98.8,98.8,96.5
2022-06-10,56.67,90.1,-6.7(-6.92 %),2369100,220361000000,0,0,95.1,97.0,90.1
2022-06-13,54.41,86.5,-3.6(-4.00 %),2025800,180169000000,0,0,85.0,93.5,85.0
2022-06-14,56.93,90.5,4(4.62 %),1094400,97805000000,0,0,87.9,91.5,87.4
2022-06-15,57.11,90.8,0.3(0.33 %),1158900,104001000000,0,0,91.2,91.2,87.5
2022-06-16,60.89,96.8,6(6.61 %),3325500,319580000000,0,0,92.0,97.1,91.7
2022-06-17,62.27,99.0,2.2(2.27 %),1908100,185360000000,0,0,95.3,99.8,94.1
2022-06-20,57.93,92.1,-6.9(-6.97 %),1775600,169248000000,0,0,99.0,99.6,92.1
2022-06-21,53.91,85.7,-6.4(-6.95 %),3333600,291915000000,0,0,90.0,91.7,85.7
2022-06-22,50.2,79.8,-5.9(-6.88 %),2130600,176019000000,0,0,85.3,87.6,79.8
2022-06-23,53.66,85.3,5.5(6.89 %),1302800,107625000000,0,0,79.5,85.3,79.0
2022-06-24,53.97,85.8,0.5(0.59 %),583700,50398000000,0,0,86.5,87.1,85.3
2022-06-27,54.1,86.0,0.2(0.23 %),1046200,90956000000,213000,18822810000,85.8,88.4,84.5
2022-06-28,55.1,87.6,1.6(1.86 %),1735800,150824000000,0,0,86.0,89.5,84.0
2022-06-29,54.35,86.4,-1.2(-1.37 %),973300,83393000000,0,0,86.0,87.2,84.5
2022-06-30,54.22,86.2,-0.2(-0.23 %),1102400,96865000000,0,0,87.5,89.6,86.1
2022-07-01,54.1,86.0,-0.2(-0.23 %),1216100,103944000000,0,0,86.6,87.0,82.0
2022-07-04,53.47,85.0,-1(-1.16 %),509500,43863000000,0,0,88.0,88.0,84.5
2022-07-05,49.76,79.1,-5.9(-6.94 %),1849400,150426000000,0,0,85.3,85.3,79.1
2022-07-06,46.36,73.7,-5.4(-6.83 %),1172100,89023000000,0,0,78.7,79.9,73.7
2022-07-07,47.43,75.4,1.7(2.31 %),592100,44145000000,0,0,73.7,76.1,73.0
2022-07-08,48.37,76.9,1.5(1.99 %),469600,35798000000,0,0,75.1,77.6,75.1
2022-07-11,45.29,72.0,-4.9(-6.37 %),983800,72441000000,0,0,76.5,76.5,71.7
2022-07-12,47.74,75.9,3.9(5.42 %),919600,67613000000,0,0,72.0,75.9,71.0
2022-07-13,48.69,77.4,1.5(1.98 %),687800,53155000000,0,0,75.6,78.8,75.5
2022-07-14,48.75,77.5,0.1(0.13 %),467700,35860000000,0,0,76.5,77.5,76.1
2022-07-15,49.0,77.9,0.4(0.52 %),1078700,83914000000,0,0,77.4,78.8,76.4
2022-07-18,49.82,79.2,1.3(1.67 %),917800,72155000000,1434160,115621979200,79.0,79.7,77.6
2022-07-19,51.08,81.2,2(2.53 %),1055500,85131000000,800000,65576000000,79.0,81.5,79.0
2022-07-20,51.89,82.5,1.3(1.60 %),1328500,109330000000,0,0,81.4,84.0,81.0
2022-07-21,51.39,81.7,-0.8(-0.97 %),701300,57392000000,0,0,82.1,83.0,81.0
2022-07-22,50.89,80.9,-0.8(-0.98 %),652200,53254000000,0,0,82.0,82.9,80.9
2022-07-25,50.07,79.6,-1.3(-1.61 %),710200,57115000000,0,0,80.5,81.7,79.6
2022-07-26,47.99,76.3,-3.3(-4.15 %),1020600,79250000000,142300,11810900000,79.8,80.0,76.3
2022-07-27,48.81,77.6,1.3(1.70 %),523800,40090000000,0,0,75.0,78.1,75.0
2022-07-28,48.87,77.7,0.1(0.13 %),951000,74461000000,0,0,78.4,78.9,77.7
2022-07-29,47.3,75.2,-2.5(-3.22 %),1984700,151037000000,0,0,78.5,78.6,75.2
2022-08-01,47.81,76.0,0.8(1.06 %),961500,72571000000,0,0,76.0,76.7,75.0
2022-08-02,49.44,78.6,2.6(3.42 %),918600,71186000000,20000,1580800000,76.0,79.0,75.7
2022-08-03,51.08,81.2,2.6(3.31 %),2154500,172260000000,0,0,78.5,81.8,78.1
2022-08-04,50.32,80.0,-1.2(-1.48 %),943500,76116000000,0,0,81.0,81.6,80.0
2022-08-05,50.95,81.0,1(1.25 %),1040500,83679000000,0,0,79.5,81.2,79.3
2022-08-08,51.58,82.0,1(1.23 %),1253800,102344000000,40000,3460000000,81.0,82.9,80.5
2022-08-09,50.57,80.4,-1.6(-1.95 %),1273300,103351000000,20000,1640000000,82.5,82.9,80.1
2022-08-10,50.7,80.6,0.2(0.25 %),1260100,101661000000,0,0,80.4,81.7,80.0
2022-08-11,50.45,80.2,-0.4(-0.50 %),1403000,112510000000,455500,37494655000,81.4,81.4,78.0
2022-08-12,50.7,80.6,0.4(0.50 %),773100,62145000000,280000,23150000000,80.0,81.3,79.2
2022-08-15,52.59,83.6,3(3.72 %),2261100,186998000000,230000,19320000000,81.3,83.8,80.7
2022-08-16,52.96,84.2,0.6(0.72 %),1185700,99590000000,250000,21365000000,83.6,84.7,83.6
2022-08-17,52.08,82.8,-1.4(-1.66 %),1506400,125244000000,0,0,84.2,84.2,81.9
2022-08-18,52.15,82.9,0.1(0.12 %),1049700,87140000000,468500,39822500000,83.2,84.0,82.0
2022-08-19,51.39,81.7,-1.2(-1.45 %),1395100,113961000000,20000,1650000000,83.0,83.6,80.2
2022-08-22,52.33,83.2,1.5(1.84 %),1137200,92861000000,62800,5284620000,80.6,83.5,80.5
2022-08-23,53.15,84.5,1.3(1.56 %),956900,80382000000,0,0,83.0,84.6,82.5
2022-08-24,53.47,85.0,0.5(0.59 %),1132300,96139000000,65400,5691762000,84.5,85.5,84.1
2022-08-25,53.59,85.2,0.2(0.24 %),946100,80197000000,0,0,85.0,85.6,84.1
2022-08-26,52.52,83.5,-1.7(-2.00 %),745700,62896000000,0,0,85.5,85.5,83.3
2022-08-29,52.84,84.0,0.5(0.60 %),1503600,123456000000,0,0,82.5,84.0,80.7
2022-08-30,53.03,84.3,0.3(0.36 %),689500,58293000000,0,0,84.5,85.8,83.7
2022-08-31,54.16,86.1,1.8(2.14 %),1807500,154949000000,0,0,83.7,86.9,83.3
2022-09-05,54.41,86.5,0.4(0.46 %),721500,62331000000,0,0,86.2,87.3,85.7
2022-09-06,54.28,86.3,-0.2(-0.23 %),1161200,101649000000,0,0,86.5,88.3,86.3
2022-09-07,52.21,83.0,-3.3(-3.82 %),1257700,106538000000,0,0,86.3,86.3,83.0
2022-09-08,51.14,81.3,-1.7(-2.05 %),1147900,94335000000,0,0,83.2,83.8,81.3
2022-09-09,53.4,84.9,3.6(4.43 %),849300,71264000000,0,0,82.0,85.1,81.5
2022-09-12,53.53,85.1,0.2(0.24 %),721200,61661000000,0,0,85.5,86.5,84.8
2022-09-13,54.1,86.0,0.9(1.06 %),691600,58869000000,200000,17200000000,85.6,86.0,84.3
2022-09-14,53.84,85.6,-0.4(-0.47 %),745900,63406000000,50000,4275000000,84.2,85.9,84.2
2022-09-15,54.1,86.0,0.4(0.47 %),695400,59816000000,457200,39765520000,86.0,86.6,85.6
2022-09-16,52.9,84.1,-1.9(-2.21 %),859900,72793000000,591000,51417000000,86.2,86.2,84.1
2022-09-19,51.77,82.3,-1.8(-2.14 %),977900,81507000000,0,0,83.1,84.5,81.8
2022-09-20,52.77,83.9,1.6(1.94 %),664600,55044000000,0,0,83.4,83.9,82.3
2022-09-21,52.71,83.8,-0.1(-0.12 %),377900,31577000000,0,0,83.5,83.9,83.1
2022-09-22,53.09,84.4,0.6(0.72 %),451900,37702000000,0,0,83.6,84.5,82.8
2022-09-23,52.59,83.6,-0.8(-0.95 %),298300,25034000000,700000,55020000000,84.8,84.8,83.2
2022-09-26,49.38,78.5,-5.1(-6.10 %),1237900,98303000000,0,0,81.9,82.4,77.8
2022-09-27,49.63,78.9,0.4(0.51 %),554700,43641000000,980000,71904000000,78.5,79.8,78.1
2022-09-28,47.24,75.1,-3.8(-4.82 %),604700,46470000000,0,0,78.9,79.0,74.0
2022-09-29,47.18,75.0,-0.1(-0.13 %),580700,44313000000,1000000,70000000000,78.0,78.0,75.0
2022-09-30,48.43,77.0,2(2.67 %),571400,42765000000,0,0,73.8,77.0,73.7
2022-10-03,46.04,73.2,-3.8(-4.94 %),370200,27641000000,30000,2369700000,76.9,76.9,73.2
2022-10-04,46.23,73.5,0.3(0.41 %),466400,34432000000,50000,3700000000,74.9,75.2,72.1
2022-10-05,48.75,77.5,4(5.44 %),561200,42784000000,0,0,75.0,77.5,74.5
2022-10-06,46.61,74.1,-3.4(-4.39 %),322200,24458000000,0,0,77.4,77.5,74.1
2022-10-07,46.23,73.5,-0.6(-0.81 %),680300,49477000000,0,0,72.3,74.1,71.5
2022-10-10,47.87,76.1,2.6(3.54 %),413800,31092000000,0,0,72.0,77.7,72.0
2022-10-11,47.18,75.0,-1.1(-1.45 %),321300,24052000000,50000,3705000000,76.0,76.8,73.4
2022-10-12,48.18,76.6,1.6(2.13 %),406000,30971000000,0,0,75.0,77.0,74.0
2022-10-13,47.74,75.9,-0.7(-0.91 %),371400,28475000000,50000,3800000000,77.0,77.2,75.5
2022-10-14,48.62,77.3,1.4(1.84 %),303300,23342000000,0,0,76.1,77.5,76.1
2022-10-17,50.2,79.8,2.5(3.23 %),500700,39194000000,0,0,77.3,80.2,76.5
2022-10-18,50.38,80.1,0.3(0.38 %),298500,23944000000,0,0,80.9,80.9,79.6
2022-10-19,50.32,80.0,-0.1(-0.12 %),222800,17756000000,0,0,80.2,80.4,79.0
2022-10-20,51.08,81.2,1.2(1.50 %),790500,64188000000,25,1860000,79.9,82.0,78.9
2022-10-21,49.69,79.0,-2.2(-2.71 %),716500,56111000000,0,0,81.0,81.6,76.2
2022-10-24,48.31,76.8,-2.2(-2.78 %),491700,38072000000,0,0,79.1,79.1,76.1
2022-10-25,49.38,78.5,1.7(2.21 %),393100,30271000000,0,0,77.6,80.0,74.5
2022-10-26,49.94,79.4,0.9(1.15 %),317800,24863000000,62300,5086172000,77.6,79.4,77.0
2022-10-27,50.95,81.0,1.6(2.02 %),520500,41624000000,0,0,79.5,81.4,78.4
2022-10-28,50.2,79.8,-1.2(-1.48 %),411100,33120000000,0,0,81.0,82.0,79.8
2022-10-31,49.69,79.0,-0.8(-1.00 %),332300,26540000000,0,0,80.0,81.1,79.0
2022-11-01,48.43,77.0,-2(-2.53 %),463500,36261000000,0,0,79.5,79.9,77.0
2022-11-02,47.24,75.1,-1.9(-2.47 %),781000,59291000000,0,0,77.2,79.0,75.0
2022-11-03,47.37,75.3,0.2(0.27 %),627000,47228000000,0,0,75.0,77.0,74.0
2022-11-04,44.09,70.1,-5.2(-6.91 %),2477600,175409000000,0,0,75.4,75.4,70.1
2022-11-07,43.09,68.5,-1.6(-2.28 %),1065500,72898000000,0,0,70.0,70.1,65.6
2022-11-08,43.91,69.8,1.3(1.90 %),364500,24970000000,0,0,67.2,69.8,66.5
2022-11-09,43.4,69.0,-0.8(-1.15 %),230600,16066000000,0,0,70.4,70.4,69.0
2022-11-10,42.77,68.0,-1(-1.45 %),959200,63357000000,44726,3413488320,67.6,68.8,64.2
2022-11-11,43.53,69.2,1.2(1.76 %),501300,34390000000,0,0,68.9,69.3,66.5
2022-11-14,43.15,68.6,-0.6(-0.87 %),348200,23584000000,0,0,66.2,69.2,65.9
2022-11-15,40.13,63.8,-4.8(-7.00 %),469900,30456000000,0,0,67.0,68.9,63.8
2022-11-16,42.4,67.4,3.6(5.64 %),802600,49676000000,0,0,59.4,68.1,59.4
2022-11-17,43.15,68.6,1.2(1.78 %),540800,36810000000,0,0,67.9,69.0,67.3
2022-11-18,43.4,69.0,0.4(0.58 %),428600,29303000000,0,0,68.0,69.1,66.0
2022-11-21,43.72,69.5,0.5(0.72 %),366900,25506000000,0,0,68.9,70.2,68.8
2022-11-22,44.03,70.0,0.5(0.72 %),560200,39115000000,0,0,69.2,70.5,68.7
2022-11-23,44.16,70.2,0.2(0.29 %),166600,11607000000,0,0,70.0,70.5,68.5
2022-11-24,43.91,69.8,-0.4(-0.57 %),204900,14240000000,0,0,70.2,70.2,68.6
2022-11-25,44.28,70.4,0.6(0.86 %),307900,21605000000,0,0,70.0,70.6,69.5
2022-11-28,45.6,72.5,2.1(2.98 %),381800,27267000000,0,0,71.0,73.0,70.0
2022-11-29,45.86,72.9,0.4(0.55 %),364400,26560000000,0,0,74.0,74.0,71.0
2022-11-30,46.55,74.0,1.1(1.51 %),365700,26796000000,0,0,72.6,74.0,72.4
2022-12-01,46.86,74.5,0.5(0.68 %),401400,29699000000,0,0,74.5,75.0,72.2
2022-12-02,49.06,78.0,3.5(4.70 %),532800,40302000000,0,0,74.4,78.0,72.8
2022-12-05,49.94,79.4,1.4(1.79 %),361300,28512000000,0,0,78.1,80.0,78.0
2022-12-06,49.06,78.0,-1.4(-1.76 %),351000,27620000000,0,0,79.3,80.3,75.5
2022-12-07,48.69,77.4,-0.6(-0.77 %),444000,34204000000,0,0,78.0,78.5,76.0
2022-12-08,48.69,77.4,0(0.00 %),319000,24769000000,0,0,78.1,78.5,76.8
2022-12-09,50.32,80.0,2.6(3.36 %),989200,78718000000,0,0,77.4,81.0,76.0
2022-12-12,50.32,80.0,0(0.00 %),289800,23075000000,0,0,80.1,80.3,78.5
2022-12-13,49.69,79.0,-1(-1.25 %),393800,30826000000,0,0,80.0,80.0,77.0
2022-12-14,48.94,77.8,-1.2(-1.52 %),453400,35254000000,0,0,79.5,79.5,77.4
2022-12-15,48.56,77.2,-0.6(-0.77 %),417500,32133000000,0,0,77.9,77.9,76.4
2022-12-16,49.69,79.0,1.8(2.33 %),601400,46598000000,0,0,76.0,79.0,76.0
2022-12-19,48.5,77.1,-1.9(-2.41 %),240700,18690000000,0,0,78.7,78.7,77.1
2022-12-20,47.43,75.4,-1.7(-2.20 %),351500,26347000000,0,0,76.2,76.9,73.0
2022-12-21,46.23,73.5,-1.9(-2.52 %),248100,18210000000,0,0,75.1,75.1,72.0
2022-12-22,46.23,73.5,0(0.00 %),164100,11932000000,0,0,73.4,73.8,72.0
2022-12-23,46.48,73.9,0.4(0.54 %),333100,24603000000,0,0,73.4,76.0,72.0
2022-12-26,44.22,70.3,-3.6(-4.87 %),544000,38290000000,0,0,73.9,73.9,69.8
2022-12-27,45.29,72.0,1.7(2.42 %),157200,11109000000,450000,32400000000,70.1,72.0,69.2
2022-12-28,45.16,71.8,-0.2(-0.28 %),875200,62649000000,0,0,72.0,72.1,71.0
2022-12-29,45.16,71.8,0(0.00 %),494300,35368000000,450000,32265000000,71.7,72.0,71.0
2022-12-30,44.97,71.5,-0.3(-0.42 %),316600,22811000000,0,0,71.2,72.6,71.2
2023-01-03,45.6,72.5,1(1.40 %),275700,19975000000,0,0,71.3,73.8,71.3
2023-01-04,45.98,73.1,0.6(0.83 %),212900,15482000000,0,0,73.5,73.5,72.2
2023-01-05,46.86,74.5,1.4(1.92 %),393500,29174000000,0,0,72.7,74.5,72.7
2023-01-06,46.74,74.3,-0.2(-0.27 %),153200,11346000000,0,0,73.8,74.5,73.0
2023-01-09,46.17,73.4,-0.9(-1.21 %),230900,16963000000,0,0,74.4,74.8,72.5
2023-01-10,45.29,72.0,-1.4(-1.91 %),422100,30515000000,83265,6508802500,73.5,73.7,72.0
2023-01-11,45.6,72.5,0.5(0.69 %),221300,16003000000,0,0,72.0,73.2,71.8
2023-01-12,45.6,72.5,0(0.00 %),127000,9158000000,0,0,73.0,73.0,71.7
2023-01-13,45.16,71.8,-0.7(-0.97 %),228000,16433000000,0,0,72.5,72.7,71.7
2023-01-16,44.6,70.9,-0.9(-1.25 %),223600,15931000000,0,0,72.1,72.2,70.9
2023-01-17,43.4,69.0,-1.9(-2.68 %),703600,49277000000,40000,3032000000,70.9,71.1,69.0
2023-01-18,43.47,69.1,0.1(0.14 %),575300,39662000000,20000,1476000000,69.9,70.3,68.1
2023-01-19,43.97,69.9,0.8(1.16 %),283100,19748000000,20000,1478000000,69.7,70.5,69.3
2023-01-27,45.6,72.5,2.6(3.72 %),640000,46321000000,20000,1494000000,71.5,73.8,71.0
2023-01-30,46.23,73.5,1(1.38 %),1107200,82104000000,0,0,72.5,75.4,72.5
2023-01-31,46.92,74.6,1.1(1.50 %),478100,35676000000,0,0,74.6,75.4,73.6
2023-02-01,45.98,73.1,-1.5(-2.01 %),438300,32537000000,0,0,75.0,75.5,72.8
2023-02-02,45.54,72.4,-0.7(-0.96 %),320300,23233000000,0,0,73.1,73.5,71.5
2023-02-03,44.35,70.5,-1.9(-2.62 %),1211800,85898000000,68100,5270940000,72.5,72.9,70.5
2023-02-06,45.86,72.9,2.4(3.40 %),312400,22432000000,0,0,71.0,72.9,70.8
2023-02-07,46.23,73.5,0.6(0.82 %),731200,54220000000,57900,4516200000,74.3,75.4,72.8
2023-02-08,46.23,73.5,0(0.00 %),286800,20957000000,39700,3120420000,74.0,74.0,72.4
2023-02-09,45.6,72.5,-1(-1.36 %),164800,12004000000,39100,3073260000,73.8,73.8,72.5
2023-02-10,44.97,71.5,-1(-1.38 %),341800,24716000000,0,0,72.6,73.0,71.5
2023-02-13,44.35,70.5,-1(-1.40 %),394500,27663000000,101400,7757100000,70.0,71.6,69.1
2023-02-14,44.22,70.3,-0.2(-0.28 %),124400,8767000000,0,0,70.6,71.1,70.1
2023-02-15,44.35,70.5,0.2(0.28 %),174000,12278000000,20000,1504000000,70.5,71.0,70.1
2023-02-16,44.66,71.0,0.5(0.71 %),161900,11476000000,0,0,70.9,71.2,70.6
2023-02-17,44.79,71.2,0.2(0.28 %),207500,14721000000,0,0,70.8,71.5,70.7
2023-02-20,45.86,72.9,1.7(2.39 %),313700,22663000000,0,0,71.4,72.9,71.4
2023-02-21,45.86,72.9,0(0.00 %),331500,24196000000,0,0,72.9,73.7,72.5
2023-02-22,44.91,71.4,-1.5(-2.06 %),251900,18085000000,0,0,72.5,72.5,71.4
2023-02-23,44.03,70.0,-1.4(-1.96 %),473800,33272000000,0,0,71.0,71.2,69.6
2023-02-24,44.03,70.0,0(0.00 %),244900,17103000000,0,0,70.2,70.6,69.5
2023-02-27,43.09,68.5,-1.5(-2.14 %),356700,24310000000,0,0,69.6,69.6,67.6
2023-02-28,43.28,67.8,0.3(0.44 %),109500,7423000000,0,0,68.3,68.5,67.3
2023-03-01,43.41,68.0,0.2(0.29 %),214500,14412000000,0,0,66.6,68.0,66.4
2023-03-02,43.85,68.7,0.7(1.03 %),107600,7374000000,0,0,68.0,68.8,68.0
2023-03-03,42.83,67.1,-1.6(-2.33 %),159800,10803000000,0,0,68.7,69.0,67.1
2023-03-06,42.77,67.0,-0.1(-0.15 %),132700,8948000000,0,0,68.4,68.4,67.0
2023-03-07,43.02,67.4,0.4(0.60 %),85000,5710000000,0,0,68.0,68.0,67.0
2023-03-08,43.41,68.0,0.6(0.89 %),133600,9038000000,20000,1442000000,66.6,68.2,66.6
2023-03-09,43.41,68.0,0(0.00 %),257600,17525000000,0,0,68.0,68.4,67.8
2023-03-10,43.53,68.2,0.2(0.29 %),285600,19433000000,0,0,67.8,68.3,67.7
2023-03-13,43.79,68.6,0.4(0.59 %),246700,16923000000,0,0,67.8,69.4,67.8
2023-03-14,43.47,68.1,-0.5(-0.73 %),161500,10965000000,158700,11648580000,68.6,68.6,67.6
2023-03-15,43.92,68.8,0.7(1.03 %),124600,8532000000,30900,2249520000,68.7,68.8,67.9
2023-03-16,43.41,68.0,-0.8(-1.16 %),284700,19344000000,0,0,68.4,68.6,67.0
2023-03-17,43.41,68.0,0(0.00 %),94400,6410000000,0,0,68.5,68.5,67.6
2023-03-20,42.58,66.7,-1.3(-1.91 %),150100,10085000000,0,0,67.7,67.9,66.7
2023-03-21,42.77,67.0,0.3(0.45 %),210700,13991000000,0,0,67.9,67.9,65.2
2023-03-22,42.77,67.0,0(0.00 %),70400,4717000000,0,0,67.1,67.5,66.9
2023-03-23,42.83,67.1,0.1(0.15 %),163800,10961000000,0,0,66.2,67.1,66.2
2023-03-24,43.09,67.5,0.4(0.60 %),150500,10097000000,0,0,67.1,67.5,66.9
2023-03-27,43.41,68.0,0.5(0.74 %),113600,7682000000,0,0,67.5,68.0,67.0
2023-03-28,43.41,68.0,0(0.00 %),201800,13725000000,1381245,100416511500,68.3,68.6,67.0
2023-03-29,42.9,67.2,-0.8(-1.18 %),161900,10865000000,80900,5881430000,67.8,67.8,66.8
2023-03-30,42.96,67.3,0.1(0.15 %),87600,5896000000,0,0,67.2,67.9,67.0
2023-03-31,43.15,67.6,0.3(0.45 %),75700,5101000000,0,0,67.5,67.6,67.0
2023-04-03,43.47,68.1,0.5(0.74 %),205500,13985000000,0,0,67.8,68.3,67.8
2023-04-04,44.56,69.8,1.7(2.50 %),421800,29259000000,0,0,68.2,70.0,68.2
2023-04-05,44.75,70.1,0.3(0.43 %),309000,21715000000,0,0,70.0,71.2,68.0
2023-04-06,44.24,69.3,-0.8(-1.14 %),283900,19845000000,0,0,70.8,70.8,69.3
2023-04-07,44.3,69.4,0.1(0.14 %),184400,12786000000,1348112,99895099200,69.3,69.8,69.0
2023-04-10,44.68,70.0,0.6(0.86 %),279000,19278000000,0,0,69.5,70.0,68.5
2023-04-11,43.92,68.8,-1.2(-1.71 %),195100,13477000000,0,0,69.5,70.0,68.8
2023-04-12,44.56,69.8,1(1.45 %),515500,36102000000,10580,778688000,69.5,71.1,69.3
2023-04-13,44.05,69.0,-0.8(-1.15 %),202400,13999000000,0,0,69.8,70.0,68.7
2023-04-14,43.41,68.0,-1(-1.45 %),239800,16383000000,0,0,69.5,69.5,68.0
2023-04-17,43.28,67.8,-0.2(-0.29 %),127800,8656000000,0,0,68.0,68.0,67.5
2023-04-18,43.41,68.0,0.2(0.29 %),193300,13138000000,0,0,67.8,68.6,67.6
2023-04-19,43.15,67.6,-0.4(-0.59 %),168900,11437000000,0,0,68.6,68.6,67.4
2023-04-20,43.15,67.6,0(0.00 %),76700,5177000000,0,0,67.5,67.9,67.2
2023-04-21,42.58,66.7,-0.9(-1.33 %),217200,14576000000,0,0,67.4,67.9,66.5
2023-04-24,41.81,65.5,-1.2(-1.80 %),243700,16134000000,50000,3565000000,67.0,67.0,65.5
2023-04-25,41.49,65.0,-0.5(-0.76 %),295500,19390000000,0,0,65.6,67.5,65.0
2023-04-26,40.92,64.1,-0.9(-1.38 %),422300,27229000000,0,0,65.5,65.9,64.1
2023-04-27,41.11,64.4,0.3(0.47 %),157100,10182000000,0,0,64.1,65.5,64.1
2023-04-28,42.45,66.5,2.1(3.26 %),1084300,72299000000,0,0,66.0,67.5,65.7
2023-05-04,42.64,66.8,0.3(0.45 %),289400,19450000000,228850,16271235000,67.3,67.9,66.8
2023-05-05,42.26,66.2,-0.6(-0.90 %),230200,15280000000,30000,2142000000,66.8,67.0,66.1
2023-05-08,42.64,66.8,0.6(0.91 %),309800,20685000000,208900,14242802000,66.4,67.2,66.4
2023-05-09,42.45,66.5,-0.3(-0.45 %),238500,15925000000,289570,18011254000,67.3,67.3,66.4
2023-05-10,42.39,66.4,-0.1(-0.15 %),217500,14451000000,20000,1422000000,66.2,66.8,66.2
2023-05-11,42.45,66.5,0.1(0.15 %),275500,18323000000,0,0,67.0,67.0,66.4
2023-05-12,42.19,66.1,-0.4(-0.60 %),429600,28426000000,0,0,66.5,66.7,66.0
2023-05-15,42.83,67.1,1(1.51 %),744700,50175000000,0,0,66.2,68.4,66.2
2023-05-16,43.09,67.5,0.4(0.60 %),345500,23417000000,20000,1434000000,67.8,68.3,67.3
2023-05-17,42.58,66.7,-0.8(-1.19 %),324000,21719000000,0,0,67.5,68.0,66.6
2023-05-18,42.58,66.7,0(0.00 %),364500,24294000000,0,0,67.0,67.0,66.5
2023-05-19,43.09,58.7,-8(-11.99 %),329000,19313000000,0,0,59.1,59.1,58.1
2023-05-22,44.48,60.6,1.9(3.24 %),745500,44662000000,0,0,59.5,60.6,59.0
2023-05-23,45.95,62.6,2(3.30 %),1053400,65419000000,0,0,61.5,62.8,61.1
2023-05-24,45.22,61.6,-1(-1.60 %),560100,34699000000,0,0,62.8,62.8,61.6
2023-05-25,44.78,61.0,-0.6(-0.97 %),512800,31415000000,0,0,61.8,61.8,60.9
2023-05-26,45.14,61.5,0.5(0.82 %),582700,35983000000,160000,10432000000,61.3,62.4,61.1
2023-05-29,45.14,61.5,0(0.00 %),495000,30457000000,0,0,61.5,62.2,61.0
2023-05-30,44.92,61.2,-0.3(-0.49 %),476400,29207000000,0,0,61.5,61.8,61.0
2023-05-31,45.14,61.5,0.3(0.49 %),587700,36159000000,200000,13080000000,61.2,62.7,60.8
2023-06-01,45.0,61.3,-0.2(-0.33 %),466000,28503000000,0,0,61.8,61.8,61.0
2023-06-02,45.07,61.4,0.1(0.16 %),715500,43802000000,0,0,61.3,61.8,61.0
2023-06-05,45.88,62.5,1.1(1.79 %),1332700,82567000000,0,0,61.9,63.1,61.2
2023-06-06,46.32,63.1,0.6(0.96 %),850900,53539000000,0,0,62.2,63.5,62.2
2023-06-07,46.32,63.1,0(0.00 %),1224700,76789000000,0,0,63.1,63.7,62.3
2023-06-08,45.51,62.0,-1.1(-1.74 %),1073000,67043000000,0,0,62.7,62.8,62.0
2023-06-09,45.44,61.9,-0.1(-0.16 %),970000,59750000000,0,0,62.0,62.2,61.2
2023-06-12,45.59,62.1,0.2(0.32 %),840700,52270000000,0,0,62.1,62.9,61.6
2023-06-13,46.1,62.8,0.7(1.13 %),1506600,94821000000,0,0,62.3,64.0,62.2
2023-06-14,45.73,62.3,-0.5(-0.80 %),671200,41967000000,40000,2684000000,63.2,63.2,62.2
2023-06-15,45.36,61.8,-0.5(-0.80 %),916900,56691000000,0,0,62.4,62.4,61.4
2023-06-16,45.81,62.4,0.6(0.97 %),1353600,84645000000,0,0,61.9,62.9,61.8
2023-06-19,46.47,63.3,0.9(1.44 %),1838600,116750000000,0,0,62.5,64.5,62.5
2023-06-20,46.61,63.5,0.2(0.32 %),504800,31957000000,0,0,63.7,63.7,63.0
2023-06-21,46.47,63.3,-0.2(-0.31 %),872100,55152000000,0,0,63.8,63.8,62.9
2023-06-22,46.39,63.2,-0.1(-0.16 %),976400,61494000000,0,0,63.5,63.5,62.7
2023-06-23,46.17,62.9,-0.3(-0.47 %),849100,53582000000,0,0,63.2,63.9,62.9
2023-06-26,45.88,62.5,-0.4(-0.64 %),869800,54466000000,0,0,62.8,63.5,62.4
2023-06-27,46.1,62.8,0.3(0.48 %),832600,52307000000,0,0,62.8,63.3,62.5
2023-06-28,47.86,65.2,2.4(3.82 %),2404400,155274000000,0,0,63.0,65.2,63.0
2023-06-29,46.83,63.8,-1.4(-2.15 %),728200,46932000000,40000,2788000000,65.7,65.7,63.8
2023-06-30,47.86,65.2,1.4(2.19 %),1814200,117536000000,0,0,63.8,65.6,63.8
2023-07-03,47.86,65.2,0(0.00 %),830300,54323000000,0,0,65.3,65.9,65.2
2023-07-04,48.01,65.4,0.2(0.31 %),808400,52468000000,200000,13940000000,65.2,65.4,64.5
2023-07-05,48.15,65.6,0.2(0.31 %),1510300,99998000000,0,0,65.5,67.3,65.0
2023-07-06,47.79,65.1,-0.5(-0.76 %),1183300,77477000000,0,0,65.9,66.2,64.9
2023-07-07,47.86,65.2,0.1(0.15 %),959000,62185000000,0,0,65.0,65.2,64.4
2023-07-10,48.23,65.7,0.5(0.77 %),1488000,97725000000,0,0,65.9,66.3,65.2
2023-07-11,48.37,65.9,0.2(0.30 %),675100,44336000000,0,0,66.1,66.1,65.1
2023-07-12,47.71,65.0,-0.9(-1.37 %),804300,52525000000,0,0,66.4,66.4,65.0
2023-07-13,48.45,66.0,1(1.54 %),984700,64833000000,0,0,65.4,66.5,65.2
2023-07-14,48.45,66.0,0(0.00 %),683700,44903000000,0,0,66.1,66.2,65.3
2023-07-17,47.93,65.3,-0.7(-1.06 %),708900,46496000000,0,0,66.0,66.0,65.3
2023-07-18,47.93,65.3,0(0.00 %),664800,43338000000,0,0,65.1,65.6,65.0
2023-07-19,47.71,65.0,-0.3(-0.46 %),508700,33136000000,60000,3828000000,65.2,65.6,64.8
2023-07-20,47.42,64.6,-0.4(-0.62 %),863900,55767000000,0,0,65.0,65.3,64.2
2023-07-21,48.01,65.4,0.8(1.24 %),891100,57936000000,0,0,64.4,65.7,64.3
2023-07-24,47.57,64.8,-0.6(-0.92 %),737500,48086000000,0,0,66.0,66.0,64.8
2023-07-25,47.93,65.3,0.5(0.77 %),737000,48063000000,0,0,64.9,65.7,64.9
2023-07-26,49.84,67.9,2.6(3.98 %),2444100,163512000000,0,0,65.5,67.9,65.2
2023-07-27,49.26,67.1,-0.8(-1.18 %),831900,55977000000,0,0,67.4,68.0,66.7
2023-07-28,49.92,68.0,0.9(1.34 %),1282900,86345000000,0,0,66.9,68.5,66.5
2023-07-31,49.18,67.0,-1(-1.47 %),1138800,76173000000,0,0,67.5,68.0,66.5
2023-08-01,48.08,65.5,-1.5(-2.24 %),1264500,83907000000,638963,45749750800,67.2,67.3,65.5
2023-08-02,47.64,64.9,-0.6(-0.92 %),1262400,82320000000,0,0,65.5,66.1,64.9
2023-08-03,47.64,64.9,0(0.00 %),861400,55988000000,0,0,65.0,65.8,64.6
2023-08-04,46.98,64.0,-0.9(-1.39 %),2038900,131237000000,0,0,64.8,65.0,64.0
2023-08-07,47.64,64.9,0.9(1.41 %),647400,41865000000,52727,3606526800,64.3,64.9,64.3
2023-08-08,47.64,64.9,0(0.00 %),747800,48635000000,5000,340000000,65.4,65.4,64.8
2023-08-09,47.13,64.2,-0.7(-1.08 %),837700,53969000000,0,0,64.8,64.9,64.2
2023-08-10,46.17,62.9,-1.3(-2.02 %),1523300,96854000000,0,0,64.2,64.5,62.9
2023-08-11,46.39,63.2,0.3(0.48 %),870100,54808000000,0,0,62.9,63.6,62.6
2023-08-14,46.61,63.5,0.3(0.47 %),407800,25950000000,0,0,63.7,64.3,63.2
2023-08-15,46.47,63.3,-0.2(-0.31 %),599600,37938000000,0,0,63.8,63.8,63.0
2023-08-16,46.32,63.1,-0.2(-0.32 %),365000,23084000000,0,0,63.4,63.5,63.1
2023-08-17,46.03,62.7,-0.4(-0.63 %),674900,42483000000,0,0,63.1,63.4,62.7
2023-08-18,44.41,60.5,-2.2(-3.51 %),1743200,107456000000,0,0,62.7,63.0,60.5
2023-08-21,44.78,61.0,0.5(0.83 %),820900,49578000000,0,0,60.2,61.2,60.0
2023-08-22,44.85,61.1,0.1(0.16 %),748900,45296000000,483000,31491600000,60.8,61.3,59.9
2023-08-23,44.85,61.1,0(0.00 %),305700,18663000000,0,0,61.4,61.6,60.8
2023-08-24,45.14,61.5,0.4(0.65 %),446200,27265000000,0,0,60.8,61.5,60.8
2023-08-25,45.14,61.5,0(0.00 %),417600,25609000000,0,0,61.5,61.5,61.0
2023-08-28,46.25,63.0,1.5(2.44 %),537700,33627000000,0,0,62.0,63.0,61.7
2023-08-29,46.1,62.8,-0.2(-0.32 %),427100,26780000000,350000,23590000000,63.2,63.3,62.2
2023-08-30,46.25,63.0,0.2(0.32 %),479100,29957000000,0,0,62.4,63.0,62.2
2023-08-31,46.1,62.8,-0.2(-0.32 %),787800,49577000000,0,0,63.0,63.4,62.6
2023-09-05,46.83,63.8,1(1.59 %),618800,39284000000,0,0,63.5,63.8,63.1
2023-09-06,47.05,64.1,0.3(0.47 %),645500,41305000000,0,0,63.8,64.6,63.6
2023-09-07,46.69,63.6,-0.5(-0.78 %),846600,54040000000,61500,4164150000,64.2,64.4,63.5
2023-09-08,46.98,64.0,0.4(0.63 %),939600,60087000000,0,0,63.9,64.3,63.5
2023-09-11,46.69,63.6,-0.4(-0.62 %),1054000,67312000000,0,0,64.4,64.4,63.5
2023-09-12,46.54,63.4,-0.2(-0.31 %),797100,50489000000,0,0,63.3,63.7,63.0
2023-09-13,46.54,63.4,0(0.00 %),867800,55125000000,0,0,63.9,63.9,63.3
2023-09-14,46.17,62.9,-0.5(-0.79 %),629300,39734000000,0,0,63.5,63.7,62.8
2023-09-15,46.25,63.0,0.1(0.16 %),335800,21200000000,29700,1998810000,63.0,63.6,62.9
2023-09-18,45.88,62.5,-0.5(-0.79 %),690700,43397000000,50000,3275000000,63.5,63.5,62.4
2023-09-19,46.61,63.5,1(1.60 %),624300,39273000000,0,0,62.7,63.9,62.2
2023-09-20,47.2,64.3,0.8(1.26 %),954800,61068000000,0,0,63.5,64.3,63.4
2023-09-21,48.08,65.5,1.2(1.87 %),1529000,100190000000,0,0,64.4,66.0,64.4
2023-09-22,46.61,63.5,-2(-3.05 %),1017700,65227000000,0,0,65.0,65.1,63.3
2023-09-25,45.36,61.8,-1.7(-2.68 %),1047100,65822000000,0,0,63.5,64.3,61.8
2023-09-26,45.44,61.9,0.1(0.16 %),781500,48417000000,0,0,61.8,62.5,61.7
2023-09-27,46.17,62.9,1(1.62 %),398500,24844000000,0,0,62.3,63.0,61.8
2023-09-28,46.61,63.5,0.6(0.95 %),561200,35321000000,0,0,63.0,63.5,62.2
2023-09-29,46.39,63.2,-0.3(-0.47 %),334700,21323000000,0,0,63.5,64.1,63.1
2023-10-02,46.61,63.5,0.3(0.47 %),359200,22944000000,0,0,63.6,64.2,63.3
2023-10-03,45.51,62.0,-1.5(-2.36 %),685000,42698000000,0,0,62.8,63.5,61.8
2023-10-04,46.1,62.8,0.8(1.29 %),615100,38386000000,0,0,61.8,63.5,61.7
2023-10-05,45.51,62.0,-0.8(-1.27 %),310700,19498000000,269566,18087878600,63.5,63.5,62.0
2023-10-06,45.66,62.2,0.2(0.32 %),397700,24664000000,0,0,62.6,62.6,61.7
2023-10-09,45.44,61.9,-0.3(-0.48 %),451900,27946000000,0,0,62.0,62.2,61.7
2023-10-10,45.95,62.6,0.7(1.13 %),522600,32840000000,0,0,62.6,63.3,62.2
2023-10-11,45.95,62.6,0(0.00 %),268800,16779000000,0,0,63.0,63.0,62.1
2023-10-12,46.17,62.9,0.3(0.48 %),465500,29378000000,0,0,62.9,63.6,62.8
2023-10-13,46.1,62.8,-0.1(-0.16 %),297500,18570000000,0,0,62.2,62.8,62.2
2023-10-16,45.66,62.2,-0.6(-0.96 %),323400,20159000000,0,0,62.8,63.2,62.0
2023-10-17,45.22,61.6,-0.6(-0.96 %),323800,20069000000,300000,18660000000,62.3,62.8,61.6
2023-10-18,44.34,60.4,-1.2(-1.95 %),667900,40507000000,0,0,61.6,61.7,58.5
2023-10-19,43.75,59.6,-0.8(-1.32 %),251700,15077000000,350000,22610000000,60.4,60.6,59.5
2023-10-20,44.34,60.4,0.8(1.34 %),199200,11904000000,0,0,59.5,60.5,59.0
2023-10-23,43.46,59.2,-1.2(-1.99 %),209400,12514000000,0,0,60.8,60.8,59.0
2023-10-24,43.75,59.6,0.4(0.68 %),173200,10257000000,0,0,59.0,59.7,59.0
2023-10-25,43.31,59.0,-0.6(-1.01 %),268900,15926000000,0,0,59.8,59.9,59.0
2023-10-26,41.11,56.0,-3(-5.08 %),798700,45391000000,0,0,58.1,59.4,56.0
2023-10-27,40.37,55.0,-1(-1.79 %),617700,34168000000,0,0,56.2,56.5,53.5
2023-10-30,40.08,54.6,-0.4(-0.73 %),227200,12490000000,60000,3528000000,54.8,55.4,54.6
2023-10-31,38.61,52.6,-2(-3.66 %),391100,20925000000,0,0,54.7,55.0,52.2
2023-11-01,38.24,52.1,-0.5(-0.95 %),481100,24936000000,0,0,53.0,53.3,50.7
2023-11-02,40.08,54.6,2.5(4.80 %),445200,23877000000,0,0,53.0,54.9,52.6
2023-11-03,38.91,53.0,-1.6(-2.93 %),888700,47509000000,0,0,55.2,55.2,53.0
2023-11-06,40.67,55.4,2.4(4.53 %),406800,22294000000,0,0,53.7,55.4,53.7
2023-11-07,40.52,55.2,-0.2(-0.36 %),396500,21928000000,100000,5872000000,55.4,56.0,54.8
2023-11-08,41.84,57.0,1.8(3.26 %),520800,29168000000,0,0,55.2,57.5,54.9
2023-11-09,41.84,57.0,0(0.00 %),324400,18536000000,465720,28362348000,57.0,58.0,56.5
2023-11-10,42.14,57.4,0.4(0.70 %),398300,23051000000,0,0,57.5,58.7,56.7
2023-11-13,42.06,57.3,-0.1(-0.17 %),249100,14310000000,0,0,57.4,58.0,57.0
2023-11-14,42.5,57.9,0.6(1.05 %),364300,20896000000,0,0,57.4,58.0,56.8
2023-11-15,42.8,58.3,0.4(0.69 %),274700,16044000000,0,0,58.8,58.9,57.9
2023-11-16,42.5,57.9,-0.4(-0.69 %),152600,8847000000,0,0,58.1,58.3,57.6
2023-11-17,42.58,58.0,0.1(0.17 %),488700,28514000000,0,0,57.9,58.8,57.6
2023-11-20,42.43,57.8,-0.2(-0.34 %),450100,26019000000,0,0,57.1,58.1,57.0
2023-11-21,42.36,57.7,-0.1(-0.17 %),203700,11752000000,0,0,58.0,58.2,57.2
2023-11-22,42.21,57.5,-0.2(-0.35 %),201000,11629000000,0,0,58.3,58.3,57.5
2023-11-23,42.21,57.5,0(0.00 %),190200,11005000000,0,0,58.4,58.4,57.5
2023-11-24,41.91,57.1,-0.4(-0.70 %),299100,17061000000,0,0,57.4,57.5,56.7
2023-11-27,41.77,56.9,-0.2(-0.35 %),165100,9415000000,0,0,57.1,57.3,56.8
2023-11-28,41.99,57.2,0.3(0.53 %),146200,8346000000,0,0,57.5,57.5,56.8
2023-11-29,42.28,57.6,0.4(0.70 %),180100,10374000000,0,0,57.2,57.8,57.2
2023-11-30,41.91,57.1,-0.5(-0.87 %),136500,7841000000,0,0,57.6,57.9,57.1
2023-12-01,42.06,57.3,0.2(0.35 %),124400,7099000000,26265,1602165000,57.3,57.7,56.9
2023-12-04,42.58,58.0,0.7(1.22 %),622000,35882000000,0,0,57.4,58.2,57.3
2023-12-05,43.53,59.3,1.3(2.24 %),583400,34485000000,0,0,58.5,60.0,58.5
2023-12-06,43.16,58.8,-0.5(-0.84 %),222200,13095000000,0,0,59.3,59.4,58.6
2023-12-07,42.58,58.0,-0.8(-1.36 %),443400,25819000000,793000,49879700000,58.8,59.4,57.6
2023-12-08,43.46,59.2,1.2(2.07 %),539000,31410000000,0,0,58.0,59.2,57.6
2023-12-11,43.09,58.7,-0.5(-0.84 %),237000,13996000000,39735,2515225500,59.2,59.8,58.7
2023-12-12,43.31,59.0,0.3(0.51 %),287000,16830000000,0,0,58.7,59.1,58.3
2023-12-13,42.36,57.7,-1.3(-2.20 %),587800,34240000000,1468227,92645123700,59.2,59.2,57.5
2023-12-14,41.91,57.1,-0.6(-1.04 %),278100,16003000000,2360249,145470766100,58.1,58.4,57.1
2023-12-15,41.62,56.7,-0.4(-0.70 %),513300,29183000000,0,0,57.2,58.0,56.5
2023-12-18,41.69,56.8,0.1(0.18 %),497100,28014000000,0,0,57.2,57.2,56.0
2023-12-19,41.33,56.3,-0.5(-0.88 %),288300,16202000000,0,0,56.3,57.0,56.0
2023-12-20,41.33,56.3,0(0.00 %),408200,22915000000,950000,57034000000,56.4,56.8,55.9
2023-12-21,41.47,56.5,0.2(0.36 %),533600,29829000000,0,0,56.0,56.6,55.5
2023-12-22,40.96,55.8,-0.7(-1.24 %),383200,21437000000,0,0,56.7,56.7,55.8
2023-12-25,41.18,56.1,0.3(0.54 %),480200,26889000000,43000,2567100000,55.8,56.5,55.7
2023-12-26,40.96,55.8,-0.3(-0.53 %),622400,34875000000,0,0,56.3,56.4,55.8
2023-12-27,41.4,56.4,0.6(1.08 %),527100,29664000000,0,0,55.9,56.5,55.9
2023-12-28,41.4,56.4,0(0.00 %),346800,19581000000,0,0,56.7,56.8,56.3
2023-12-29,41.69,56.8,0.4(0.71 %),712200,40685000000,0,0,57.0,57.5,56.4
2024-01-02,42.21,57.5,0.7(1.23 %),778900,44818000000,0,0,57.5,58.3,57.1
2024-01-03,42.28,57.6,0.1(0.17 %),375500,21527000000,0,0,57.5,57.8,57.1
2024-01-04,42.36,57.7,0.1(0.17 %),898300,52246000000,0,0,57.9,58.8,57.5
2024-01-05,42.14,57.4,-0.3(-0.52 %),554800,31908000000,0,0,57.7,57.8,57.3
2024-01-08,41.69,56.8,-0.6(-1.05 %),920000,52672000000,639412,39259896800,57.4,57.8,56.8
2024-01-09,41.18,56.1,-0.7(-1.23 %),1087200,61178000000,100000,6070000000,56.4,56.7,56.0
2024-01-10,40.96,55.8,-0.3(-0.53 %),683800,38292000000,0,0,56.3,56.4,55.6
2024-01-11,40.96,55.8,0(0.00 %),429900,24019000000,100000,5970000000,55.8,56.1,55.6
2024-01-12,40.45,55.1,-0.7(-1.25 %),792100,43740000000,100000,5970000000,55.7,55.8,55.0
2024-01-15,40.52,55.2,0.1(0.18 %),193100,10702000000,0,0,55.1,55.8,55.1
2024-01-16,40.81,55.6,0.4(0.72 %),310900,17185000000,0,0,55.3,55.9,54.9
2024-01-17,41.18,56.1,0.5(0.90 %),349400,19559000000,0,0,55.6,56.4,55.3
2024-01-18,40.89,55.7,-0.4(-0.71 %),296500,16560000000,0,0,56.2,56.3,55.6
2024-01-19,41.11,56.0,0.3(0.54 %),288000,16118000000,0,0,55.7,56.4,55.5
2024-01-22,41.18,56.1,0.1(0.18 %),218100,12228000000,0,0,56.5,56.5,55.9
2024-01-23,41.77,56.9,0.8(1.43 %),494900,28031000000,0,0,56.1,57.4,56.0
2024-01-24,41.69,56.8,-0.1(-0.18 %),231900,13159000000,123000,7478400000,56.9,57.0,56.3
2024-01-25,41.33,56.3,-0.5(-0.88 %),357000,20065000000,0,0,56.5,56.8,55.8
2024-01-26,41.25,56.2,-0.1(-0.18 %),415600,23370000000,0,0,56.1,56.5,56.0
2024-01-29,41.47,56.5,0.3(0.53 %),338000,19062000000,0,0,56.2,56.8,56.1
2024-01-30,41.4,56.4,-0.1(-0.18 %),710000,39927000000,0,0,56.3,56.6,56.0
2024-01-31,41.11,56.0,-0.4(-0.71 %),592100,33146000000,0,0,56.7,56.8,55.7
2024-02-01,40.67,55.4,-0.6(-1.07 %),886000,49279000000,23000,1377700000,56.0,56.4,55.3
2024-02-02,40.37,55.0,-0.4(-0.72 %),724600,40019000000,81000,4795200000,55.3,56.1,55.0
2024-02-05,40.74,55.5,0.5(0.91 %),594500,33067000000,0,0,55.3,56.2,55.2
2024-02-06,41.25,56.2,0.7(1.26 %),610300,34292000000,50000,2585000000,55.5,56.6,55.5
2024-02-07,41.47,56.5,0.3(0.53 %),323400,18273000000,0,0,56.5,56.7,56.3
2024-02-15,42.8,58.3,1.8(3.19 %),1289900,74495000000,0,0,56.6,59.0,56.6
2024-02-16,43.09,58.7,0.4(0.69 %),890300,52661000000,0,0,58.3,59.8,58.3
2024-02-19,43.46,59.2,0.5(0.85 %),1087100,64010000000,0,0,59.0,59.3,58.4
2024-02-20,43.16,58.8,-0.4(-0.68 %),625500,36805000000,0,0,59.3,59.3,58.5
2024-02-21,44.19,60.2,1.4(2.38 %),1073700,63691000000,0,0,58.8,60.4,58.5
2024-02-22,43.75,59.6,-0.6(-1.00 %),465600,27876000000,0,0,60.3,60.3,59.5
2024-02-23,42.94,58.5,-1.1(-1.85 %),1049900,62110000000,0,0,59.7,60.0,58.5
2024-02-26,42.65,58.1,-0.4(-0.68 %),839400,48913000000,0,0,58.9,58.9,58.0
2024-02-27,43.38,59.1,1(1.72 %),654200,38539000000,0,0,58.8,59.3,58.3
2024-02-28,44.92,61.2,2.1(3.55 %),1564300,94573000000,0,0,59.5,61.3,59.2
2024-02-29,44.92,61.2,0(0.00 %),979800,60214000000,0,0,61.2,62.2,61.0
2024-03-01,45.73,62.3,1.1(1.80 %),1217900,75455000000,20000,1232000000,61.2,62.9,61.2
2024-03-04,45.66,62.2,-0.1(-0.16 %),1403100,87320000000,0,0,62.3,63.2,61.8
2024-03-05,46.47,63.3,1.1(1.77 %),1128900,70941000000,20000,1158000000,62.3,63.4,61.9
2024-03-06,45.81,62.4,-0.9(-1.42 %),436400,27383000000,0,0,63.1,63.2,62.3
2024-03-07,46.25,63.0,0.6(0.96 %),1107400,69431000000,20000,1260000000,62.3,63.1,62.2
2024-03-08,46.32,63.1,0.1(0.16 %),1689400,107052000000,0,0,63.0,64.6,62.8
2024-03-11,45.51,62.0,-1.1(-1.74 %),1056100,65884000000,20000,1229200000,63.0,63.0,61.4
2024-03-12,45.51,62.0,0(0.00 %),1020000,63574000000,0,0,62.0,62.9,61.6
2024-03-13,46.69,63.6,1.6(2.58 %),1469600,93190000000,0,0,62.6,64.2,62.3
2024-03-14,47.2,64.3,0.7(1.10 %),1256100,80704000000,20000,1278000000,64.2,64.8,63.7
2024-03-15,46.98,64.0,-0.3(-0.47 %),808400,51500000000,0,0,64.5,64.5,63.0
2024-03-18,45.29,61.7,-2.3(-3.59 %),1553800,96420000000,80000,5374200000,64.0,64.0,60.6
2024-03-19,45.36,61.8,0.1(0.16 %),905500,55743000000,0,0,62.4,62.4,61.2
2024-03-20,45.59,62.1,0.3(0.49 %),822400,50683000000,270000,17820000000,61.9,62.3,61.1
2024-03-21,46.17,62.9,0.8(1.29 %),967400,60661000000,130000,8580000000,62.9,63.1,62.1
2024-03-22,47.05,64.1,1.2(1.91 %),1679100,107432000000,125351,8332122300,63.9,64.9,63.2
2024-03-25,46.61,63.5,-0.6(-0.94 %),1016800,65372000000,0,0,64.1,65.2,63.2
2024-03-26,47.05,64.1,0.6(0.94 %),705100,45134000000,20000,1280000000,63.5,64.5,63.3
2024-03-27,46.91,63.9,-0.2(-0.31 %),639400,41017000000,100000,6850000000,64.5,64.5,63.7
2024-03-28,46.91,63.9,0(0.00 %),515800,32990000000,20000,1229000000,64.2,64.3,63.7
2024-03-29,46.83,63.8,-0.1(-0.16 %),883900,56600000000,0,0,63.9,64.6,63.6
2024-04-01,46.47,63.3,-0.5(-0.78 %),1104800,69853000000,20000,1276000000,63.8,64.2,62.6
2024-04-02,47.05,64.1,0.8(1.26 %),987000,62877000000,0,0,63.5,64.1,63.0
2024-04-03,46.76,63.7,-0.4(-0.62 %),1181200,75994000000,20000,1194000000,64.2,65.1,63.5
2024-04-04,46.17,62.9,-0.8(-1.26 %),943000,59573000000,0,0,63.5,63.7,62.8
2024-04-05,45.95,62.6,-0.3(-0.48 %),620100,38937000000,0,0,62.8,63.3,62.6
2024-04-08,45.88,62.5,-0.1(-0.16 %),759700,47271000000,200000,12600000000,62.4,62.7,61.8
2024-04-09,46.1,62.8,0.3(0.48 %),486000,30504000000,0,0,62.7,63.0,62.5
2024-04-10,45.95,62.6,-0.2(-0.32 %),559600,35115000000,0,0,63.0,63.2,62.6
2024-04-11,46.17,62.9,0.3(0.48 %),848600,52919000000,0,0,62.0,62.9,62.0
2024-04-12,46.84,62.8,0.9(1.45 %),641300,40078000000,0,0,62.5,62.9,62.0
2024-04-15,45.43,60.9,-1.9(-3.03 %),1363500,84468000000,0,0,62.2,62.8,60.8
2024-04-16,45.05,60.4,-0.5(-0.82 %),1126500,68285000000,0,0,61.1,61.3,59.7
2024-04-17,44.76,60.0,-0.4(-0.66 %),675800,40974000000,0,0,60.8,61.2,60.0
2024-04-19,43.26,58.0,-2(-3.33 %),1576800,92293000000,0,0,59.1,60.0,57.7
2024-04-22,43.93,58.9,0.9(1.55 %),879400,51718000000,0,0,58.3,59.6,58.2
2024-04-23,43.56,58.4,-0.5(-0.85 %),815900,47715000000,0,0,58.6,59.1,58.2
2024-04-24,44.98,60.3,1.9(3.25 %),1084500,64721000000,0,0,58.9,60.7,58.7
2024-04-25,44.76,60.0,-0.3(-0.50 %),614900,36666000000,84200,5430900000,60.2,60.2,59.3
2024-04-26,45.95,61.6,1.6(2.67 %),1227800,74616000000,0,0,59.8,61.8,59.3
2024-05-02,47.89,64.2,2.6(4.22 %),2464900,155361000000,0,0,61.2,64.2,61.0
2024-05-03,49.16,65.9,1.7(2.65 %),3663300,239471000000,0,0,64.2,65.9,64.2
2024-05-06,48.71,65.3,-0.6(-0.91 %),1612200,105626000000,0,0,66.3,66.3,65.1
2024-05-07,48.48,65.0,-0.3(-0.46 %),1418700,92511000000,0,0,65.9,65.9,64.8
2024-05-08,49.53,66.4,1.4(2.15 %),3576700,236577000000,1700000,112030000000,65.6,66.6,64.7
2024-05-09,49.23,66.0,-0.4(-0.60 %),1330900,88870000000,0,0,67.3,67.5,65.8
2024-05-10,49.23,66.0,0(0.00 %),1202500,78964000000,0,0,66.3,66.5,65.0
2024-05-13,49.98,67.0,1(1.52 %),1526900,102489000000,0,0,66.6,68.0,65.9
2024-05-14,49.68,66.6,-0.4(-0.60 %),591900,39501000000,0,0,67.7,67.7,66.4
2024-05-15,49.68,66.6,0(0.00 %),1106600,73992000000,0,0,66.6,67.2,66.4
2024-05-16,51.17,68.6,2(3.00 %),1736900,117592000000,500000,35000000000,67.4,69.0,66.7
2024-05-17,50.72,68.0,-0.6(-0.87 %),1482200,101680000000,2548542,163327539600,68.9,69.0,68.0
2024-05-20,50.35,67.5,-0.5(-0.74 %),1280000,86674000000,0,0,68.4,68.6,67.1
2024-05-21,50.78,59.2,0.5(0.85 %),1067800,63335000000,0,0,59.8,59.9,58.7
2024-05-22,50.78,59.2,0(0.00 %),667100,39493000000,0,0,59.1,59.8,58.9
2024-05-23,52.75,61.5,2.3(3.89 %),2221700,134481000000,0,0,59.1,61.7,58.6
2024-05-24,52.15,60.8,-0.7(-1.14 %),1415300,85953000000,58800,3869040000,61.6,61.6,59.6
2024-05-27,53.35,62.2,1.4(2.30 %),1000800,61227000000,0,0,61.0,62.2,60.5
2024-05-28,54.3,63.3,1.1(1.77 %),1047200,65692000000,0,0,62.5,63.5,62.0
2024-05-29,53.18,62.0,-1.3(-2.05 %),753300,47154000000,0,0,63.5,63.5,61.8
2024-05-30,53.18,62.0,0(0.00 %),1134700,69705000000,0,0,61.5,62.0,61.1
2024-05-31,53.44,62.3,0.3(0.48 %),731500,45561000000,28600,1896180000,62.4,62.8,61.5
2024-06-03,54.04,63.0,0.7(1.12 %),759500,47824000000,0,0,62.5,63.2,62.4
2024-06-04,53.61,62.5,-0.5(-0.79 %),462000,29003000000,0,0,63.0,63.1,62.3
2024-06-05,53.7,62.6,0.1(0.16 %),680100,42582000000,0,0,62.3,62.9,62.3
2024-06-06,53.18,62.0,-0.6(-0.96 %),564800,35258000000,0,0,62.6,63.2,62.0
2024-06-07,53.18,62.0,0(0.00 %),459100,28413000000,0,0,62.1,62.6,61.5
2024-06-10,53.35,62.2,0.2(0.32 %),644000,40346000000,0,0,62.1,63.3,62.0
2024-06-11,53.18,62.0,-0.2(-0.32 %),610900,38159000000,0,0,62.7,63.3,62.0
2024-06-12,54.47,63.5,1.5(2.42 %),1321900,83080000000,0,0,62.3,63.5,62.0
2024-06-13,54.9,64.0,0.5(0.79 %),897300,57556000000,0,0,64.9,64.9,63.7
2024-06-14,52.75,61.5,-2.5(-3.91 %),1216100,76594000000,0,0,64.1,64.2,61.5
2024-06-17,52.84,61.6,0.1(0.16 %),818300,50523000000,0,0,61.5,62.5,61.4
2024-06-18,54.47,63.5,1.9(3.08 %),899400,56592000000,0,0,61.7,63.8,61.6
2024-06-19,54.64,63.7,0.2(0.31 %),672100,42430000000,0,0,63.4,63.7,62.7
2024-06-20,56.36,65.7,2(3.14 %),1598200,104089000000,0,0,63.5,66.6,63.5
2024-06-21,55.33,64.5,-1.2(-1.83 %),936800,61235000000,0,0,66.9,66.9,64.5
2024-06-24,54.55,63.6,-0.9(-1.40 %),1143500,72794000000,0,0,64.6,65.2,62.0
2024-06-25,54.98,64.1,0.5(0.79 %),765000,49439000000,0,0,63.6,65.5,63.6
2024-06-26,54.9,64.0,-0.1(-0.16 %),973000,61728000000,0,0,64.8,64.8,62.9
2024-06-27,54.9,64.0,0(0.00 %),806400,51360000000,0,0,64.0,64.9,63.2
2024-06-28,53.7,62.6,-1.4(-2.19 %),1157800,73026000000,0,0,63.5,63.6,62.6
2024-07-01,54.47,63.5,0.9(1.44 %),1036700,64979000000,0,0,62.6,63.6,61.8
2024-07-02,54.21,63.2,-0.3(-0.47 %),901400,57136000000,20000,1324000000,63.8,63.8,63.0
2024-07-03,54.9,64.0,0.8(1.27 %),1009000,64133000000,22626,1330408800,63.4,64.0,63.0
2024-07-04,56.01,65.3,1.3(2.03 %),1473400,95508000000,0,0,64.0,65.5,63.7
2024-07-05,55.93,65.2,-0.1(-0.15 %),834700,54114000000,0,0,65.8,65.8,64.0
2024-07-08,57.04,66.5,1.3(1.99 %),1676500,111039000000,50000,3241500000,66.0,66.8,65.6
2024-07-09,59.62,69.5,3(4.51 %),2151900,147178000000,0,0,67.0,70.0,65.8
2024-07-10,61.07,71.2,1.7(2.45 %),2399700,169765000000,50000,3353500000,70.4,72.3,69.1
2024-07-11,61.33,71.5,0.3(0.42 %),1705700,122920000000,50000,3353500000,71.3,73.3,71.0
2024-07-12,60.99,71.1,-0.4(-0.56 %),1137300,80458000000,0,0,71.2,71.4,70.3
2024-07-15,61.76,72.0,0.9(1.27 %),1222700,87159000000,0,0,71.1,72.3,70.4
2024-07-16,63.39,73.9,1.9(2.64 %),1120200,81378000000,0,0,72.0,73.9,71.5
2024-07-17,61.93,72.2,-1.7(-2.30 %),2121000,155152000000,0,0,74.0,75.7,69.0
2024-07-18,61.76,72.0,-0.2(-0.28 %),1605600,113474000000,0,0,72.2,72.6,69.6
2024-07-19,60.3,70.3,-1.7(-2.36 %),928100,65820000000,0,0,72.0,72.0,70.3
2024-07-22,58.76,68.5,-1.8(-2.56 %),1535900,106120000000,0,0,70.0,70.3,68.5
2024-07-23,58.59,68.3,-0.2(-0.29 %),1219300,84106000000,0,0,68.4,70.0,68.1
2024-07-24,59.19,69.0,0.7(1.02 %),1135000,76873000000,200000,14600000000,68.0,69.0,66.0
2024-07-25,60.47,70.5,1.5(2.17 %),1048200,73022000000,0,0,68.8,70.8,68.4
2024-07-26,60.9,71.0,0.5(0.71 %),1051100,74627000000,100000,7540000000,70.5,71.5,70.4
2024-07-29,61.33,71.5,0.5(0.70 %),569200,40494000000,0,0,71.4,71.9,70.3
2024-07-30,60.47,70.5,-1(-1.40 %),1998000,139268000000,0,0,71.0,71.2,68.5
2024-07-31,59.7,69.6,-0.9(-1.28 %),2039800,139695000000,0,0,69.0,69.6,67.8
2024-08-01,58.24,67.9,-1.7(-2.44 %),1596500,107674000000,0,0,69.4,69.4,66.0
2024-08-02,60.3,70.3,2.4(3.53 %),1561300,106876000000,200,14260000,65.8,70.3,65.8
2024-08-05,56.1,65.4,-4.9(-6.97 %),1150000,77200000000,0,0,68.8,68.8,65.4
2024-08-06,57.21,66.7,1.3(1.99 %),660000,43610000000,1000000,69900000000,65.5,67.1,65.2
2024-08-07,56.44,65.8,-0.9(-1.35 %),426400,28385000000,300000,21390000000,67.0,67.2,65.8
2024-08-08,56.87,66.3,0.5(0.76 %),486000,32279000000,0,0,65.8,67.3,65.7
2024-08-09,57.47,67.0,0.7(1.06 %),544000,36463000000,0,0,67.2,67.3,66.6
2024-08-12,59.1,68.9,1.9(2.84 %),820200,56062000000,0,0,67.0,69.5,67.0
2024-08-13,58.16,67.8,-1.1(-1.60 %),726500,49386000000,0,0,68.8,69.0,67.0
2024-08-14,59.19,69.0,1.2(1.77 %),690200,47289000000,0,0,68.5,69.5,67.5
2024-08-15,57.9,67.5,-1.5(-2.17 %),574600,39075000000,0,0,69.0,69.1,67.4
2024-08-16,59.96,69.9,2.4(3.56 %),1118800,77497000000,20000,1434000000,67.6,69.9,67.6
2024-08-19,60.3,70.3,0.4(0.57 %),966600,68053000000,0,0,69.9,71.3,69.6
2024-08-20,59.96,69.9,-0.4(-0.57 %),736800,51429000000,0,0,70.3,70.4,69.3
2024-08-21,60.13,70.1,0.2(0.29 %),746200,52297000000,0,0,70.2,70.7,69.5
2024-08-22,59.79,69.7,-0.4(-0.57 %),603700,42134000000,0,0,70.6,70.6,69.6
2024-08-23,60.56,70.6,0.9(1.29 %),885600,62250000000,0,0,69.5,70.7,69.5
2024-08-26,60.04,70.0,-0.6(-0.85 %),676600,47724000000,0,0,71.3,71.6,69.4
2024-08-27,58.84,68.6,-1.4(-2.00 %),692400,47735000000,0,0,69.6,70.0,68.4
2024-08-28,58.84,68.6,0(0.00 %),530200,36365000000,0,0,68.7,69.0,68.2
2024-08-29,59.19,69.0,0.4(0.58 %),328800,22587000000,100000,7340000000,68.5,69.0,68.4
2024-08-30,58.84,68.6,-0.4(-0.58 %),342100,23529000000,0,0,68.7,69.2,68.5
2024-09-04,57.47,67.0,-1.6(-2.33 %),770300,52010000000,0,0,68.0,68.1,67.0
2024-09-05,56.01,65.3,-1.7(-2.54 %),1120100,74079000000,0,0,67.1,67.5,65.1
2024-09-06,56.27,65.6,0.3(0.46 %),932200,60633000000,0,0,65.0,65.9,63.8
2024-09-09,56.7,66.1,0.5(0.76 %),509300,33640000000,0,0,65.7,66.8,65.6
2024-09-10,55.76,65.0,-1.1(-1.66 %),655500,43039000000,0,0,66.3,66.5,64.9
2024-09-11,55.84,65.1,0.1(0.15 %),492400,32176000000,0,0,65.0,66.0,64.9
2024-09-12,56.36,65.7,0.6(0.92 %),281100,18438000000,0,0,65.9,65.9,65.1
2024-09-13,56.36,65.7,0(0.00 %),261000,17149000000,0,0,65.7,66.0,65.5
2024-09-16,55.5,64.7,-1(-1.52 %),566500,36850000000,0,0,65.8,65.8,64.7
2024-09-17,55.67,64.9,0.2(0.31 %),833300,53780000000,0,0,65.0,65.0,64.1
2024-09-18,56.44,65.8,0.9(1.39 %),637600,41859000000,0,0,65.0,66.0,65.0
2024-09-19,56.7,66.1,0.3(0.46 %),476900,31554000000,0,0,66.0,66.5,65.8
2024-09-20,57.13,66.6,0.5(0.76 %),845500,56528000000,0,0,66.5,67.2,66.5
2024-09-23,57.21,66.7,0.1(0.15 %),492000,32870000000,0,0,66.8,67.0,66.6
2024-09-24,57.13,66.6,-0.1(-0.15 %),458300,30515000000,0,0,66.7,67.0,66.4
2024-09-25,57.9,67.5,0.9(1.35 %),688500,46331000000,0,0,66.9,67.8,66.6
2024-09-26,57.81,67.4,-0.1(-0.15 %),566300,38435000000,0,0,67.9,68.2,67.4
2024-09-27,57.21,66.7,-0.7(-1.04 %),482500,32327000000,0,0,67.5,68.0,66.6
2024-09-30,57.13,66.6,-0.1(-0.15 %),368200,24499000000,0,0,66.4,66.9,66.2
2024-10-01,57.21,66.7,0.1(0.15 %),443600,29639000000,0,0,66.7,67.2,66.6
2024-10-02,57.81,67.4,0.7(1.05 %),673300,45291000000,100000,6900000000,66.4,67.8,66.4
2024-10-03,57.3,66.8,-0.6(-0.89 %),476000,32023000000,0,0,67.8,68.0,66.6
2024-10-04,56.87,66.3,-0.5(-0.75 %),339500,22615000000,35000,2310000000,67.0,67.0,66.3
2024-10-07,56.44,65.8,-0.5(-0.75 %),524400,34971000000,0,0,66.5,67.3,65.8
2024-10-08,56.27,65.6,-0.2(-0.30 %),420300,27583000000,0,0,66.1,66.3,65.4
2024-10-09,56.27,65.6,0(0.00 %),519100,33979000000,0,0,65.6,65.6,65.3
2024-10-10,56.18,65.5,-0.1(-0.15 %),661600,43434000000,0,0,65.6,65.9,65.4
2024-10-11,56.27,65.6,0.1(0.15 %),638700,41873000000,0,0,65.7,66.1,65.4
2024-10-14,56.53,65.9,0.3(0.46 %),412200,27233000000,0,0,66.5,66.6,65.7
2024-10-15,55.93,65.2,-0.7(-1.06 %),372800,24467000000,0,0,65.9,66.2,65.2
2024-10-16,55.67,64.9,-0.3(-0.46 %),423400,27510000000,0,0,65.0,65.5,64.6
2024-10-17,55.67,64.9,0(0.00 %),336200,21831000000,0,0,64.9,65.2,64.8
2024-10-18,55.58,64.8,-0.1(-0.15 %),288000,18737000000,0,0,64.9,65.5,64.8
2024-10-21,54.98,64.1,-0.7(-1.08 %),380700,24493000000,0,0,64.7,64.8,64.0
2024-10-22,54.13,63.1,-1(-1.56 %),640500,40628000000,0,0,64.0,64.1,63.0
2024-10-23,54.3,63.3,0.2(0.32 %),372700,23564000000,0,0,63.0,63.5,62.9
2024-10-24,54.47,63.5,0.2(0.32 %),456800,28895000000,0,0,63.3,63.5,63.0
2024-10-25,54.04,63.0,-0.5(-0.79 %),270600,17146000000,28049,1904527100,63.9,63.9,63.0
2024-10-28,54.3,63.3,0.3(0.48 %),285400,18025000000,0,0,63.2,63.5,62.9
2024-10-29,55.41,64.6,1.3(2.05 %),561100,36008000000,0,0,63.3,64.6,63.2
2024-10-30,55.76,65.0,0.4(0.62 %),643500,41843000000,0,0,64.9,65.2,64.7
2024-10-31,54.98,64.1,-0.9(-1.38 %),391200,25208000000,0,0,64.7,64.8,62.6
2024-11-01,53.18,62.0,-2.1(-3.28 %),3432800,214605000000,0,0,64.0,64.0,62.0
2024-11-04,54.9,64.0,2(3.23 %),1287700,81085000000,0,0,62.3,64.1,62.0
2024-11-05,54.55,63.6,-0.4(-0.62 %),559700,35742000000,0,0,63.3,64.8,63.3
2024-11-06,54.81,63.9,0.3(0.47 %),679600,43380000000,200000,12400000000,63.8,64.4,63.4
2024-11-07,55.33,64.5,0.6(0.94 %),695800,44713000000,200000,12600000000,64.2,64.7,63.7
2024-11-08,55.41,64.6,0.1(0.16 %),700700,45234000000,260000,17940000000,64.9,64.9,64.3
2024-11-11,55.76,65.0,0.4(0.62 %),551000,35562000000,0,0,64.6,65.0,64.0
2024-11-12,56.44,65.8,0.8(1.23 %),752400,49390000000,0,0,65.4,66.0,65.1
2024-11-13,56.1,65.4,-0.4(-0.61 %),547000,35600000000,0,0,65.6,65.6,64.8
2024-11-14,55.76,65.0,-0.4(-0.61 %),527300,34547000000,0,0,65.6,66.0,65.0
2024-11-15,55.76,65.0,0(0.00 %),834000,54184000000,0,0,64.7,65.2,64.6
2024-11-18,54.64,63.7,-1.3(-2.00 %),494800,31649000000,0,0,64.9,65.1,63.6
2024-11-19,53.87,62.8,-0.9(-1.41 %),438400,27788000000,0,0,64.0,64.0,62.8
2024-11-20,54.73,63.8,1(1.59 %),891000,55986000000,0,0,62.8,63.8,61.8
2024-11-21,55.76,65.0,1.2(1.88 %),582500,37565000000,0,0,64.2,65.0,63.8
2024-11-22,55.5,64.7,-0.3(-0.46 %),446600,28974000000,0,0,65.0,65.2,64.3
2024-11-25,57.38,66.9,2.2(3.40 %),1598800,106502000000,0,0,64.8,67.3,64.2
2024-11-26,57.21,66.7,-0.2(-0.30 %),493700,33016000000,0,0,66.9,67.1,66.4
2024-11-27,57.47,67.0,0.3(0.45 %),968400,64836000000,0,0,66.7,67.5,66.3
2024-11-28,57.47,67.0,0(0.00 %),642400,43013000000,0,0,67.1,67.2,66.6
2024-11-29,57.64,67.2,0.2(0.30 %),499000,33479000000,0,0,67.2,67.2,66.8
2024-12-02,57.3,66.8,-0.4(-0.60 %),519300,34794000000,0,0,67.3,67.8,66.6
2024-12-03,58.16,67.8,1(1.50 %),1034400,70151000000,0,0,67.1,68.5,66.5
2024-12-04,57.64,67.2,-0.6(-0.88 %),491300,33268000000,0,0,68.0,68.0,67.2
2024-12-05,58.67,68.4,1.2(1.79 %),1132300,77143000000,0,0,67.2,68.6,67.2
2024-12-06,58.16,67.8,-0.6(-0.88 %),543900,37052000000,73871,5399970100,68.4,68.5,67.8
2024-12-09,58.16,67.8,0(0.00 %),564500,38221000000,0,0,68.3,68.3,67.5
2024-12-10,57.81,67.4,-0.4(-0.59 %),444300,30144000000,0,0,68.0,68.5,67.4
2024-12-11,57.13,66.6,-0.8(-1.19 %),699600,46795000000,0,0,67.4,67.6,66.5
2024-12-12,56.61,66.0,-0.6(-0.90 %),444100,29532000000,0,0,66.6,67.1,66.0
2024-12-13,57.04,66.5,0.5(0.76 %),299100,19845000000,0,0,66.1,66.9,65.9
2024-12-16,56.78,66.2,-0.3(-0.45 %),234400,15523000000,0,0,66.5,66.8,66.0
2024-12-17,57.04,66.5,0.3(0.45 %),275700,18284000000,0,0,66.2,66.9,66.0
2024-12-18,58.16,67.8,1.3(1.95 %),806300,54144000000,0,0,66.5,67.8,66.4
2024-12-19,57.73,67.3,-0.5(-0.74 %),731600,49365000000,150000,10875000000,67.0,68.2,66.8
2024-12-20,58.07,67.7,0.4(0.59 %),582200,39443000000,0,0,67.3,68.2,67.2
2024-12-23,58.33,68.0,0.3(0.44 %),442500,30082000000,0,0,68.4,68.4,67.8
2024-12-24,57.9,67.5,-0.5(-0.74 %),445200,30130000000,0,0,68.0,68.0,67.4
2024-12-25,58.93,68.7,1.2(1.78 %),1076900,74135000000,0,0,67.5,69.7,67.5
2024-12-26,58.33,68.0,-0.7(-1.02 %),372100,25416000000,0,0,68.8,68.9,68.0
2024-12-27,58.33,68.0,0(0.00 %),413200,28067000000,0,0,68.4,68.4,67.7
2024-12-30,57.47,67.0,-1(-1.47 %),411200,27738000000,0,0,67.5,68.1,67.0
2024-12-31,58.24,67.9,0.9(1.34 %),401500,27013000000,0,0,67.2,67.9,66.6
